Pillar,Cụm LSI / Search intent,Keyword giữ,Keyword cần review,Tổng volume ứng viên,Keyword chính,Keyword phụ
Athleisure & outfit,Chọn đồ nam,0,389,117610,áo polo nam,áo khoác nam | quần short | quần lót nam | áo khoác nam cao cấp | quần sịp nam | áo phao nam | quần sooc nam | áo khoác nam đẹp | áo gió nam | áo khoác gió nam | mẫu áo khoác nam đẹp 2021 | quần thể thao nam | áo bomber nam | quần đùi nam cao cấp | polo nam
Athleisure & outfit,Chọn đồ nữ,0,159,64520,áo polo nữ,áo khoác nữ | quần áo nữ | quần đùi nữ | quần sooc nữ | áo khoác nữ đẹp | quần ngắn nữ | áo gile nữ | áo gió nữ đẹp | áo khoác gió nữ | ao thu dong nu | áo ghi lê nữ | áo gió nữ | quần dài nữ | quần legging dài | quần short nữ cao cấp
Athleisure & outfit,Form dáng / công nghệ may,0,1,30,áo khoác nam form rộng,
Athleisure & outfit,Mặc gì / hướng dẫn chọn đồ,0,53,6130,quần áo bơi,cách gấp quần áo | gấp quần áo | quan ao thu dong | quần áo mùa hè | trang phục thể thao | cách gấp quần áo gọn | quần áo thể thao trẻ em | xep quan ao | cách gấp quần áo cuộn tròn | cách xếp quần áo cúng chúng sinh | bộ quần áo gió | cách xếp quần áo | mẹo gấp quần áo gọn | cách gấp quần áo gọn gàng | cách gấp quần áo thông minh
Athleisure & outfit,Phối đồ / outfit / lookbook,23,0,1300,phối đồ với quần short nữ,phối đồ với áo polo nam | phối đồ với áo polo nữ | phối đồ với quần short nam | phối đồ đi biển với quần short | phối đồ với áo polo | phối đồ với áo thun nữ | phối đồ với áo thun có cổ nữ | phối đồ áo polo nam | áo khoác nữ phong cách | cách phối đồ với áo ngắn | cách phối đồ với áo polo nữ | cách phối đồ với áo thun nam | phối đồ quần short nam | phối đồ với quần short | phối đồ với quần sooc da mùa đông
Athleisure & outfit,So sánh lựa chọn,0,1,320,xắn quần hay xắn quần,
Athleisure & outfit,Trang phục thể thao ứng dụng,0,351,91460,áo khoác,áo gile | quần nỉ | quần sooc | áo gió | áo nỉ | quần sịp | áo lông | áo phông giấu quần | áo t shirt | áo jacket | áo khoác lông | áo khoác nỉ | áo lông vũ | áo phao lông vũ | cách buộc dây quần
Công nghệ vải & form,Chất liệu và hiệu suất vải,6,0,180,chất vải polo,chất vải áo phông | quần dài thể thao vải dù | quần vải nỉ | quần vải áo phông | áo khoác vải nam
Gym & Training,Chọn đồ nữ,5,2,510,quần áo tập gym nữ,set đồ tập gym cho nữ | mua quần áo tập gym nữ ở hà nội | quần short tập gym nữ 2 lớp | training bra | bộ tập gym nữ | thời trang gym nữ
Gym & Training,Kiến thức Gym hỗ trợ chọn đồ,0,2,660,đồ gym,fitness shop
Gym & Training,Mặc gì / hướng dẫn chọn đồ,4,0,260,shape đồ tập gym yoga sport,quần áo tập gym hà nội | shop đồ tập gym hà nội | đồ tập gym mùa đông
Pickleball,Kiến thức Pickleball hỗ trợ chọn đồ,1,3,7460,pickleball clothing,luật chơi pickleball | luật pickleball | pickleball set
Tennis & Running,Chọn đồ nam,10,1,13220,quần tennis nam,quần chạy bộ nam | quần áo chạy bộ nam | quần bó cơ chạy bộ nam | quần chạy bộ nam 2 lớp | bộ đồ chạy bộ nam | quần chạy bộ nam ngắn | quần lót chạy bộ nam | quần đùi chạy bộ nam | áo quần chạy bộ nam | đồ chạy bộ nam
Tennis & Running,Chọn đồ nữ,3,1,510,quần áo chạy bộ nữ,áo chạy bộ nữ | trang phục chạy bộ nữ | đồ chạy bộ nữ
Tennis & Running,Kiến thức Tennis/Running hỗ trợ chọn đồ,7,20,4380,quần chạy bộ,áo khoác chạy bộ | áo running man | quần chạy bộ 2 lớp | quần đùi chạy bộ | quần running | short running | tennis là gì | chơi tennis | luật tennis | mũ chạy bộ | cách tính điểm tennis | luật chơi tennis | môn tennis | băng đầu chạy bộ | tennis nghĩa là gì
Tennis & Running,Mặc gì / hướng dẫn chọn đồ,2,0,420,quần áo chạy bộ,quần áo chơi tennis
Tennis & Running,Phụ kiện trang phục,0,1,30,tất tennis,
Yoga & Pilates,Chọn đồ nữ,1,0,170,đồ tập yoga nữ,
Yoga & Pilates,Kiến thức Yoga/Pilates hỗ trợ chọn đồ,1,2,170,quần tập yoga alibaba,đồ aerobic | may yoga
Yoga & Pilates,Mặc gì / hướng dẫn chọn đồ,3,0,340,đồ tập yoga kín đáo,đồ tập aerobic | bộ đồ tập aerobic