url,type,status,final_url,indexable,soft_404,canonical,robots,title,title_length,description,description_length,h1_count,word_count,last_modified,error
https://icado.vn/,home,200,https://icado.vn/,True,False,,,ICADO,5,"ICADO™ Thương hiệu Quần áo Gym, Yoga, Pickleball, Tennis Quần áo Thể Thao",73,0,530,,
https://icado.vn/ao-ba-lo-nu-the-thao-icado-sa601,product,200,https://icado.vn/ao-ba-lo-nu-the-thao-icado-sa601,True,False,https://icado.vn/ao-ba-lo-nu-the-thao-icado-sa601,,Áo Ba Lỗ Nữ Thể Thao ICADO SA601 | ICADO,40,"- &Aacute;o ba lỗ thể thao nữ ICADO SA601 kiểu d&aacute;ng trẻ trung, năng động. - Chất liệu co gi&atilde;n 4 chiều, mỏng nhẹ, tho&aacute;ng m&aacute;t. - Ph&ug…",161,1,618,,
https://icado.vn/ao-ba-lo-the-thao-nam-high-class-icado-at2,product,200,https://icado.vn/ao-ba-lo-the-thao-nam-high-class-icado-at2,True,False,https://icado.vn/ao-ba-lo-the-thao-nam-high-class-icado-at2,,Áo Ba Lỗ Thể Thao Nam High Class ICADO AT2 | ICADO,50,"- &Aacute;o s&aacute;t n&aacute;ch nam High Class ICADO AT2&nbsp;m&agrave;u &nbsp;sắc trẻ trung, năng động. - Chất vải tho&aacute;ng m&aacute;t, thấm h&uacute;t…",161,1,628,,
https://icado.vn/ao-ba-lo-the-thao-nam-icado-ht101,product,200,https://icado.vn/ao-ba-lo-the-thao-nam-icado-ht101,True,False,https://icado.vn/ao-ba-lo-the-thao-nam-icado-ht101,,Áo Ba Lỗ Thể Thao Nam ICADO HT101 | ICADO,41,"- &Aacute;o s&aacute;t n&aacute;ch nam ICADO HT101 m&agrave;u &nbsp;sắc trẻ trung, năng động. - Chất vải tho&aacute;ng m&aacute;t, thấm h&uacute;t mồ h&ocirc;i …",161,1,617,,
https://icado.vn/ao-ba-lo-the-thao-nu-icado-high-class-at4,category-or-landing,200,https://icado.vn/ao-ba-lo-the-thao-nu-icado-high-class-at4,True,False,https://icado.vn/ao-ba-lo-the-thao-nu-icado-high-class-at4,,Áo Ba Lỗ Thể Thao Nữ ICADO High Class AT4 | ICADO,49,"- &Aacute;o ba lỗ thể thao nữ ICADO AT4 năng động, c&aacute; t&iacute;nh. - Kiểu d&aacute;ng cổ chữ V trẻ trung. - Chất vải tho&aacute;ng m&aacute;t, mềm mại, c…",161,1,622,,
https://icado.vn/ao-ba-lo-the-thao-nu-icado-ht103,product,200,https://icado.vn/ao-ba-lo-the-thao-nu-icado-ht103,True,False,https://icado.vn/ao-ba-lo-the-thao-nu-icado-ht103,,Áo Ba Lỗ Thể Thao Nữ ICADO HT103 | ICADO,40,"- &Aacute;o ba lỗ thể thao nữ ICADO HT103 năng động, c&aacute; t&iacute;nh. - Kiểu d&aacute;ng cổ chữ V trẻ trung. - Chất vải tho&aacute;ng m&aacute;t, mềm mại,…",161,1,493,,
https://icado.vn/ao-bra,category-or-landing,200,https://icado.vn/ao-bra,True,False,https://icado.vn/ao-bra,,Áo bra | ICADO,14,&Aacute;o bra,13,0,305,,
https://icado.vn/ao-bra-the-thao-cai-khuy-nu-icado-ht501,product,200,https://icado.vn/ao-bra-the-thao-cai-khuy-nu-icado-ht501,True,False,https://icado.vn/ao-bra-the-thao-cai-khuy-nu-icado-ht501,,Áo Bra Thể Thao Cài Khuy Nữ ICADO HT501 | ICADO,47,"- &Aacute;o bra thể thao nữ c&agrave;i khuy ICADO HT501 năng động, trẻ trung. - Chất vải tho&aacute;ng m&aacute;t, mềm mại, co gi&atilde;n 4 chiều. - Ph&ugrave;…",161,1,612,,
https://icado.vn/ao-bra-the-thao-nu-icado-ht102,product,200,https://icado.vn/ao-bra-the-thao-nu-icado-ht102,True,False,https://icado.vn/ao-bra-the-thao-nu-icado-ht102,,Áo Bra Thể Thao Nữ ICADO HT102 | ICADO,38,"- &Aacute;o bra thể thao nữ ICADO HT102 năng động, trẻ trung. - Chất vải tho&aacute;ng m&aacute;t, mềm mại, co gi&atilde;n 4 chiều. - Ph&ugrave; hợp mặc tập luy…",161,1,616,,
https://icado.vn/ao-bra-the-thao-nu-icado-ht103,product,404,https://icado.vn/ao-bra-the-thao-nu-icado-ht103,False,False,,,,0,,0,0,0,,HTTP Error 404: Not Found
https://icado.vn/ao-bra-the-thao-nu-icado-ht104,product,200,https://icado.vn/ao-bra-the-thao-nu-icado-ht104,True,False,https://icado.vn/ao-bra-the-thao-nu-icado-ht104,,Áo Bra Thể Thao Nữ ICADO HT104 | ICADO,38,"- &Aacute;o bra thể thao nữ ICADO HT104 trẻ trung (c&oacute; m&uacute;t đi k&egrave;m) - Chất vải tho&aacute;ng m&aacute;t, mềm mại, co gi&atilde;n 4 chiều, thấ…",161,1,506,,
https://icado.vn/ao-bra-the-thao-nu-icado-ht105,product,200,https://icado.vn/ao-bra-the-thao-nu-icado-ht105,True,False,https://icado.vn/ao-bra-the-thao-nu-icado-ht105,,Áo Bra Thể Thao Nữ ICADO HT105 | ICADO,38,"- &Aacute;o bra thể thao nữ ICADO HT105 năng động, trẻ trung. - Chất vải tho&aacute;ng m&aacute;t, mềm mại, co gi&atilde;n 4 chiều. - Ph&ugrave; hợp mặc tập luy…",161,1,606,,
https://icado.vn/ao-croptop,category-or-landing,200,https://icado.vn/ao-croptop,True,False,https://icado.vn/ao-croptop,,Áo croptop | ICADO,18,&Aacute;o croptop,17,0,314,,
https://icado.vn/ao-croptop-the-thao-nu-high-class-icado-ht101,product,200,https://icado.vn/ao-croptop-the-thao-nu-high-class-icado-ht101,True,False,https://icado.vn/ao-croptop-the-thao-nu-high-class-icado-ht101,,Áo Croptop Thể Thao Nữ High Class ICADO HT101 | ICADO,53,"- &Aacute;o croptop thể thao nữ High Class ICADO HT101 năng động, trẻ trung. - Chất vải tho&aacute;ng m&aacute;t, mềm mại, co gi&atilde;n 4 chiều. - Ph&ugrave; …",161,1,622,,
https://icado.vn/ao-croptop-the-thao-nu-icado-ht102,product,200,https://icado.vn/ao-croptop-the-thao-nu-icado-ht102,True,False,https://icado.vn/ao-croptop-the-thao-nu-icado-ht102,,Áo Croptop Thể Thao Nữ ICADO HT102 | ICADO,42,"- &Aacute;o croptop thể thao nữ ICADO HT102 năng động, trẻ trung. - Chất vải tho&aacute;ng m&aacute;t, mềm mại, co gi&atilde;n 4 chiều. - Ph&ugrave; hợp mặc tập…",161,1,609,,
https://icado.vn/ao-croptop-the-thao-nu-icado-ht105,product,200,https://icado.vn/ao-croptop-the-thao-nu-icado-ht105,True,False,https://icado.vn/ao-croptop-the-thao-nu-icado-ht105,,Áo Croptop Thể Thao Nữ ICADO HT105 | ICADO,42,"- &Aacute;o croptop thể thao nữ ICADO HT105 năng động, trẻ trung. - Chất vải tho&aacute;ng m&aacute;t, mềm mại, co gi&atilde;n 4 chiều. - Ph&ugrave; hợp mặc tập…",161,1,604,,
https://icado.vn/ao-croptop-the-thao-nu-icado-sa601,product,200,https://icado.vn/ao-croptop-the-thao-nu-icado-sa601,True,False,https://icado.vn/ao-croptop-the-thao-nu-icado-sa601,,Áo Croptop Thể Thao Nữ ICADO SA601 | ICADO,42,"- &Aacute;o croptop thể thao nữ ICADO SA601 năng động, trẻ trung. - Chất vải tho&aacute;ng m&aacute;t, mềm mại, co gi&atilde;n 4 chiều. - Ph&ugrave; hợp mặc tập…",161,1,602,,
https://icado.vn/ao-croptop-the-thao-tay-dai-nu-icado-ht103,product,404,https://icado.vn/ao-croptop-the-thao-tay-dai-nu-icado-ht103,False,False,,,,0,,0,0,0,,HTTP Error 404: Not Found
https://icado.vn/ao-croptop-the-thao-tay-dai-nu-icado-ht104,product,200,https://icado.vn/ao-croptop-the-thao-tay-dai-nu-icado-ht104,True,False,https://icado.vn/ao-croptop-the-thao-tay-dai-nu-icado-ht104,,Áo Croptop Thể Thao Tay Dài Nữ ICADO HT104 | ICADO,50,"- &Aacute;o croptop thể thao tay d&agrave;i nữ ICADO HT104 năng động, trẻ trung. - Chất vải tho&aacute;ng m&aacute;t, mềm mại, co gi&atilde;n 4 chiều. - Ph&ugra…",161,1,609,,
https://icado.vn/ao-khoac-non-roi-the-thao-nu-icado-ht101,product,200,https://icado.vn/ao-khoac-non-roi-the-thao-nu-icado-ht101,True,False,https://icado.vn/ao-khoac-non-roi-the-thao-nu-icado-ht101,,Áo Khoác Nón Rời Thể Thao Nữ ICADO HT101 | ICADO,48,"- &Aacute;o kho&aacute;c thể thao nữ n&oacute;n rời ICADO HT101 trẻ trung, thanh lịch. - Kiểu d&aacute;ng năng động, mang lại vẻ ngo&agrave;i chuy&ecirc;n nghiệ…",161,1,631,,
https://icado.vn/ao-khoac-the-thao-nam,category-or-landing,200,https://icado.vn/ao-khoac-the-thao-nam,True,False,https://icado.vn/ao-khoac-the-thao-nam,,Áo Khoác Thể Thao Nam | ICADO,29,&Aacute;o kho&aacute;c thể thao nam,35,0,296,,
https://icado.vn/ao-khoac-the-thao-nam-icado-at3,product,404,https://icado.vn/ao-khoac-the-thao-nam-icado-at3,False,False,,,,0,,0,0,0,,HTTP Error 404: Not Found
https://icado.vn/ao-khoac-the-thao-nam-icado-at4,product,200,https://icado.vn/ao-khoac-the-thao-nam-icado-at4,True,False,https://icado.vn/ao-khoac-the-thao-nam-icado-at4,,Áo Khoác Thể Thao Nam ICADO AT4 | ICADO,39,"- &Aacute;o kho&aacute;c thể thao nam n&oacute;n rời ICADO AT4 trẻ trung, thanh lịch. - Kiểu d&aacute;ng năng động, mang lại vẻ ngo&agrave;i chuy&ecirc;n nghiệp…",161,1,612,,
https://icado.vn/ao-khoac-the-thao-nam-non-roi-icado-ht101,product,200,https://icado.vn/ao-khoac-the-thao-nam-non-roi-icado-ht101,True,False,https://icado.vn/ao-khoac-the-thao-nam-non-roi-icado-ht101,,Áo Khoác Thể Thao Nam Nón Rời ICADO HT101 | ICADO,49,"- &Aacute;o kho&aacute;c thể thao nam n&oacute;n rời ICADO HT101 trẻ trung, thanh lịch. - Kiểu d&aacute;ng năng động, mang lại vẻ ngo&agrave;i chuy&ecirc;n nghi…",161,1,631,,
https://icado.vn/ao-khoac-the-thao-nam-non-roi-icado-ht102,product,200,https://icado.vn/ao-khoac-the-thao-nam-non-roi-icado-ht102,True,False,https://icado.vn/ao-khoac-the-thao-nam-non-roi-icado-ht102,,Áo Khoác Thể Thao Nam Nón Rời ICADO HT102 | ICADO,49,"- &Aacute;o kho&aacute;c thể thao nam n&oacute;n rời ICADO HT102 trẻ trung, năng động. - M&agrave;u sắc trung t&iacute;nh, form d&aacute;ng gọn g&agrave;ng. - C…",161,1,552,,
https://icado.vn/ao-khoac-the-thao-nu,category-or-landing,200,https://icado.vn/ao-khoac-the-thao-nu,True,False,https://icado.vn/ao-khoac-the-thao-nu,,Áo khoác thể thao nữ | ICADO,28,&Aacute;o kho&aacute;c thể thao nữ,34,0,292,,
https://icado.vn/ao-khoac-the-thao-nu-high-class-icado-ht103,product,200,https://icado.vn/ao-khoac-the-thao-nu-high-class-icado-ht103,True,False,https://icado.vn/ao-khoac-the-thao-nu-high-class-icado-ht103,,Áo Khoác Thể Thao Nữ High Class ICADO HT103 | ICADO,51,"- &Aacute;o kho&aacute;c thể thao nữ high class ICADO HT103 trẻ trung, thanh lịch. - Kiểu d&aacute;ng năng động, mang lại vẻ ngo&agrave;i chuy&ecirc;n nghiệp. -…",161,1,632,,
https://icado.vn/ao-polo,category-or-landing,200,https://icado.vn/ao-polo,True,False,https://icado.vn/ao-polo,,Áo Polo Nam | ICADO,19,&Aacute;o polo,14,0,337,,
https://icado.vn/ao-polo-nam,category-or-landing,200,https://icado.vn/ao-polo-nam,True,False,https://icado.vn/ao-polo-nam,,Áo Polo Nam | ICADO,19,&Aacute;o polo,14,0,337,,
https://icado.vn/ao-polo-nu,category-or-landing,200,https://icado.vn/ao-polo-nu,True,False,https://icado.vn/ao-polo-nu,,Áo Polo Nữ | ICADO,18,Áo Polo Nữ,10,0,356,,
https://icado.vn/ao-polo-the-thao-nam-high-class-icado-at52,product,200,https://icado.vn/ao-polo-the-thao-nam-high-class-icado-at52,True,False,https://icado.vn/ao-polo-the-thao-nam-high-class-icado-at52,,Áo Polo Thể Thao Nam High Class ICADO AT52 | ICADO,50,"- &Aacute;o polo thể thao nam High Class ICADO AT52 trẻ trung, thanh lịch. - Kiểu d&aacute;ng cổ polo tinh tế, mang lại vẻ ngo&agrave;i chuy&ecirc;n nghiệp. - C…",161,1,406,,
https://icado.vn/ao-polo-the-thao-nam-high-class-icado-ht105,product,200,https://icado.vn/ao-polo-the-thao-nam-high-class-icado-ht105,True,False,https://icado.vn/ao-polo-the-thao-nam-high-class-icado-ht105,,Áo Polo Thể Thao Nam High Class ICADO HT105 | ICADO,51,"- &Aacute;o polo thể thao nam High Class ICADO HT105 trẻ trung, thanh lịch. - Kiểu d&aacute;ng cổ polo tinh tế, mang lại vẻ ngo&agrave;i chuy&ecirc;n nghiệp. - …",161,1,657,,
https://icado.vn/ao-polo-the-thao-nam-high-class-icado-ht109,product,200,https://icado.vn/ao-polo-the-thao-nam-high-class-icado-ht109,True,False,https://icado.vn/ao-polo-the-thao-nam-high-class-icado-ht109,,Áo Polo Thể Thao Nam High Class ICADO HT109 | ICADO,51,"- &Aacute;o polo thể thao nam High Class ICADO HT109 trẻ trung, thanh lịch. - Kiểu d&aacute;ng cổ polo tinh tế, mang lại vẻ ngo&agrave;i chuy&ecirc;n nghiệp. - …",161,1,649,,
https://icado.vn/ao-polo-the-thao-nam-high-class-icado-ht110,product,404,https://icado.vn/ao-polo-the-thao-nam-high-class-icado-ht110,False,False,,,,0,,0,0,0,,HTTP Error 404: Not Found
https://icado.vn/ao-polo-the-thao-nam-high-class-icado-ht115,product,200,https://icado.vn/ao-polo-the-thao-nam-high-class-icado-ht115,True,False,https://icado.vn/ao-polo-the-thao-nam-high-class-icado-ht115,,Áo Polo Thể Thao Nam High Class ICADO HT115 | ICADO,51,"- &Aacute;o polo thể thao nam High Class ICADO HT115 trẻ trung, thanh lịch. - Kiểu d&aacute;ng cổ polo tinh tế, mang lại vẻ ngo&agrave;i chuy&ecirc;n nghiệp. - …",161,1,662,,
https://icado.vn/ao-polo-the-thao-nam-high-class-icado-ht117,product,200,https://icado.vn/ao-polo-the-thao-nam-high-class-icado-ht117,True,False,https://icado.vn/ao-polo-the-thao-nam-high-class-icado-ht117,,Áo Polo Thể Thao Nam High Class ICADO HT117 | ICADO,51,"- &Aacute;o polo thể thao nam High Class ICADO HT117 trẻ trung, thanh lịch. - Kiểu d&aacute;ng cổ polo tinh tế, mang lại vẻ ngo&agrave;i chuy&ecirc;n nghiệp. - …",161,1,636,,
https://icado.vn/ao-polo-the-thao-nam-high-class-icado-ht119,product,200,https://icado.vn/ao-polo-the-thao-nam-high-class-icado-ht119,True,False,https://icado.vn/ao-polo-the-thao-nam-high-class-icado-ht119,,Áo Polo Thể Thao Nam High Class ICADO HT119 | ICADO,51,"- &Aacute;o polo thể thao nam High Class ICADO HT119 trẻ trung, thanh lịch. - Kiểu d&aacute;ng cổ polo tinh tế, mang lại vẻ ngo&agrave;i chuy&ecirc;n nghiệp. - …",161,1,657,,
https://icado.vn/ao-polo-the-thao-nam-high-class-icado-ht122,product,200,https://icado.vn/ao-polo-the-thao-nam-high-class-icado-ht122,True,False,https://icado.vn/ao-polo-the-thao-nam-high-class-icado-ht122,,Áo Polo Thể Thao Nam High Class ICADO HT122 | ICADO,51,"- &Aacute;o polo thể thao nam High Class ICADO HT122 trẻ trung, thanh lịch. - Kiểu d&aacute;ng cổ polo tinh tế, mang lại vẻ ngo&agrave;i chuy&ecirc;n nghiệp. - …",161,1,692,,
https://icado.vn/ao-polo-the-thao-nam-icado-ht102,product,404,https://icado.vn/ao-polo-the-thao-nam-icado-ht102,False,False,,,,0,,0,0,0,,HTTP Error 404: Not Found
https://icado.vn/ao-polo-the-thao-nu-high-class-icado-ht106,product,200,https://icado.vn/ao-polo-the-thao-nu-high-class-icado-ht106,True,False,https://icado.vn/ao-polo-the-thao-nu-high-class-icado-ht106,,Áo Polo Thể Thao Nữ High Class ICADO HT106 | ICADO,50,"- &Aacute;o polo thể thao nữ High Class ICADO HT106 trẻ trung. - Kiểu d&aacute;ng cổ polo tinh tế, mang lại vẻ ngo&agrave;i chuy&ecirc;n nghiệp. - Chất vải tho&…",161,1,638,,
https://icado.vn/ao-polo-the-thao-nu-high-class-icado-ht109,product,200,https://icado.vn/ao-polo-the-thao-nu-high-class-icado-ht109,True,False,https://icado.vn/ao-polo-the-thao-nu-high-class-icado-ht109,,Áo Polo Thể Thao Nữ High Class ICADO HT109 | ICADO,50,"- &Aacute;o polo nữ ICADO HT109 m&agrave;u sắc trẻ trung, kiểu d&aacute;ng tinh tế. - Ch&aacute;t vải mềm mại, co gi&atilde;n 4 chiều. - Lựa chọn l&yacute; tưởn…",161,1,384,,
https://icado.vn/ao-polo-the-thao-nu-high-class-icado-ht606,product,200,https://icado.vn/ao-polo-the-thao-nu-high-class-icado-ht606,True,False,https://icado.vn/ao-polo-the-thao-nu-high-class-icado-ht606,,Áo Polo Thể Thao Nữ High Class ICADO HT606 | ICADO,50,"- &Aacute;o polo thể thao nữ high class ICADO HT606 m&agrave;u &nbsp;sắc trẻ trung, kiểu d&aacute;ng tinh tế. - Chất vải mềm mại, co gi&atilde;n 4 chiều. - Lựa …",161,1,629,,
https://icado.vn/ao-polo-the-thao-nu-high-class-icado-sa106,product,200,https://icado.vn/ao-polo-the-thao-nu-high-class-icado-sa106,True,False,https://icado.vn/ao-polo-the-thao-nu-high-class-icado-sa106,,Áo Polo Thể Thao Nữ High Class ICADO SA106 | ICADO,50,"- &Aacute;o polo thể thao nữ High Class ICADO SA106 trẻ trung. - Kiểu d&aacute;ng cổ polo tinh tế, mang lại vẻ ngo&agrave;i chuy&ecirc;n nghiệp. - Chất vải tho&…",161,1,627,,
https://icado.vn/ao-polo-the-thao-nu-icado-ht103,product,200,https://icado.vn/ao-polo-the-thao-nu-icado-ht103,True,False,https://icado.vn/ao-polo-the-thao-nu-icado-ht103,,Áo Polo Thể Thao Nữ ICADO HT103 | ICADO,39,"- &Aacute;o polo thể thao nữ ICADO HT103 kiểu d&aacute;ng trẻ trung, năng động. - Chất liệu: 88% Polyester, 12% spandex, co gi&atilde;n 4 chiều, tho&aacute;ng k…",161,1,461,,
https://icado.vn/ao-polo-the-thao-nu-icado-ht603,product,200,https://icado.vn/ao-polo-the-thao-nu-icado-ht603,True,False,https://icado.vn/ao-polo-the-thao-nu-icado-ht603,,Áo PoLo Thể Thao Nữ ICADO HT603 | ICADO,39,"- &Aacute;o polo thể thao nữ ICADO HT603 trẻ trung. - Kiểu d&aacute;ng cổ polo tinh tế, mang lại vẻ ngo&agrave;i chuy&ecirc;n nghiệp. - Chất vải tho&aacute;ng m…",161,1,630,,
https://icado.vn/ao-polo-the-thao-nu-icado-ht604,product,200,https://icado.vn/ao-polo-the-thao-nu-icado-ht604,True,False,https://icado.vn/ao-polo-the-thao-nu-icado-ht604,,Áo Polo Thể Thao Nữ ICADO HT604 | ICADO,39,"- &Aacute;o polo thể thao nữ ICADO HT604 trẻ trung. - Kiểu d&aacute;ng cổ polo tinh tế với phần d&acirc;y k&eacute;o lạ mắt, mang lại vẻ ngo&agrave;i năng động.…",161,1,648,,
https://icado.vn/ao-polo-the-thao-nu-icado-ht605,product,200,https://icado.vn/ao-polo-the-thao-nu-icado-ht605,True,False,https://icado.vn/ao-polo-the-thao-nu-icado-ht605,,Áo Polo Thể Thao Nữ ICADO HT605 | ICADO,39,"- &Aacute;o polo thể thao nữ ICADO HT605 &nbsp;kiểu d&aacute;ng trẻ trung, mang hơi thở thanh xu&acirc;n. - Form d&aacute;ng cổ điển v&agrave; chất vải thể thao…",161,1,585,,
https://icado.vn/ao-running-nam,category-or-landing,200,https://icado.vn/ao-running-nam,True,False,https://icado.vn/ao-running-nam,,Áo Running Nam | ICADO,22,Áo Running Nam,14,0,462,,
https://icado.vn/ao-running-nu,category-or-landing,200,https://icado.vn/ao-running-nu,True,False,https://icado.vn/ao-running-nu,,Áo Running Nữ | ICADO,21,Áo Running Nữ,13,0,459,,
https://icado.vn/ao-sat-nach-the-thao-nam-icado-ht102,product,200,https://icado.vn/ao-sat-nach-the-thao-nam-icado-ht102,True,False,https://icado.vn/ao-sat-nach-the-thao-nam-icado-ht102,,Áo Sát Nách Thể Thao Nam ICADO HT102 | ICADO,44,"- &Aacute;o s&aacute;t n&aacute;ch nam ICADO HT102 m&agrave;u sắc trẻ trung, năng động. - Ch&aacute;t vải tho&aacute;ng m&aacute;t, thấm h&uacute;t mồ h&ocirc;i…",161,1,353,,
https://icado.vn/ao-sat-nach-the-thao-nam-icado-ht103,product,200,https://icado.vn/ao-sat-nach-the-thao-nam-icado-ht103,True,False,https://icado.vn/ao-sat-nach-the-thao-nam-icado-ht103,,Áo Sát Nách Thể Thao Nam ICADO HT103 | ICADO,44,"- &Aacute;o s&aacute;t n&aacute;ch nam ICADO HT103 m&agrave;u &nbsp;sắc trẻ trung, năng động. - Chất vải tho&aacute;ng m&aacute;t, thấm h&uacute;t mồ h&ocirc;i …",161,1,609,,
https://icado.vn/ao-sat-nach-the-thao-nu-high-class-icado-ht102,product,200,https://icado.vn/ao-sat-nach-the-thao-nu-high-class-icado-ht102,True,False,https://icado.vn/ao-sat-nach-the-thao-nu-high-class-icado-ht102,,Áo Sát Nách Thể Thao Nữ High Class ICADO HT102 | ICADO,54,"- &Aacute;o s&aacute;t n&aacute;ch thể thao nữ ICADO HT102 kiểu d&aacute;ng trẻ trung, năng động. - Tone m&agrave;u pastel, mang vibe m&ugrave;a h&egrave;. - Ch…",161,1,624,,
https://icado.vn/ao-tanktop-ba-lo-nam,category-or-landing,200,https://icado.vn/ao-tanktop-ba-lo-nam,True,False,https://icado.vn/ao-tanktop-ba-lo-nam,,Áo Tanktop - Ba Lỗ Nam | ICADO,30,&Aacute;o tanktop - ba lỗ,25,0,308,,
https://icado.vn/ao-tanktop-ba-lo-nu,category-or-landing,200,https://icado.vn/ao-tanktop-ba-lo-nu,True,False,https://icado.vn/ao-tanktop-ba-lo-nu,,Áo Tanktop - Ba Lỗ Nữ | ICADO,29,Áo Tanktop - Ba Lỗ Nữ,21,0,326,,
https://icado.vn/ao-tap-gym-nam,category-or-landing,200,https://icado.vn/ao-tap-gym-nam,True,False,https://icado.vn/ao-tap-gym-nam,,Áo Tập Gym Nam | ICADO,22,&Aacute;o tập nam,17,0,470,,
https://icado.vn/ao-tap-gym-nu,category-or-landing,200,https://icado.vn/ao-tap-gym-nu,True,False,https://icado.vn/ao-tap-gym-nu,,Áo Tập Gym Nữ | ICADO,21,Áo Tập Gym Nữ,13,0,466,,
https://icado.vn/ao-tap-pickleball-nam,category-or-landing,200,https://icado.vn/ao-tap-pickleball-nam,True,False,https://icado.vn/ao-tap-pickleball-nam,,Áo Tập Pickleball Nam | ICADO,29,Áo Tập Pickleball Nam,21,0,474,,
https://icado.vn/ao-tap-pickleball-nu,category-or-landing,200,https://icado.vn/ao-tap-pickleball-nu,True,False,https://icado.vn/ao-tap-pickleball-nu,,Áo Tập Pickleball Nữ | ICADO,28,Áo Tập Pickleball Nữ,20,0,467,,
https://icado.vn/ao-tap-tennis-nam,category-or-landing,200,https://icado.vn/ao-tap-tennis-nam,True,False,https://icado.vn/ao-tap-tennis-nam,,Áo Tập Tennis Nam | ICADO,25,Áo Tập Tennis Nam,17,0,468,,
https://icado.vn/ao-tap-tennis-nu,category-or-landing,200,https://icado.vn/ao-tap-tennis-nu,True,False,https://icado.vn/ao-tap-tennis-nu,,Áo Tập Tennis Nữ | ICADO,24,Áo Tập Tennis Nữ,16,0,467,,
https://icado.vn/ao-tap-yoga-nam,category-or-landing,200,https://icado.vn/ao-tap-yoga-nam,True,False,https://icado.vn/ao-tap-yoga-nam,,Áo Tập Yoga nam | ICADO,23,Áo Tập Yoga nam,15,0,469,,
https://icado.vn/ao-tap-yoga-nu,category-or-landing,200,https://icado.vn/ao-tap-yoga-nu,True,False,https://icado.vn/ao-tap-yoga-nu,,Áo Tập Yoga Nữ | ICADO,22,&Aacute;o tập nữ,16,0,475,,
https://icado.vn/ao-the-thao-nam,category-or-landing,200,https://icado.vn/ao-the-thao-nam,True,False,https://icado.vn/ao-the-thao-nam,,Áo thể thao nam | ICADO,23,Áo thể thao nam,15,0,477,,
https://icado.vn/ao-the-thao-nu,category-or-landing,200,https://icado.vn/ao-the-thao-nu,True,False,https://icado.vn/ao-the-thao-nu,,Áo thể thao nữ | ICADO,22,Áo thể thao nữ,14,0,472,,
https://icado.vn/ao-thun-nam,category-or-landing,200,https://icado.vn/ao-thun-nam,True,False,https://icado.vn/ao-thun-nam,,Áo Thun Nam | ICADO,19,&Aacute;o thun,14,0,387,,
https://icado.vn/ao-thun-nu,category-or-landing,200,https://icado.vn/ao-thun-nu,True,False,https://icado.vn/ao-thun-nu,,Áo Thun Nữ | ICADO,18,Áo Thun Nữ,10,0,361,,
https://icado.vn/ao-thun-the-thao-dai-tay-nu-icado-ht117,product,200,https://icado.vn/ao-thun-the-thao-dai-tay-nu-icado-ht117,True,False,https://icado.vn/ao-thun-the-thao-dai-tay-nu-icado-ht117,,Áo Thun Thể Thao Dài Tay Nữ ICADO HT117 | ICADO,47,"- &Aacute;o thun thể thao nữ d&agrave;i tay ICADO HT117 trẻ trung. - Kiểu d&aacute;ng cổ tr&ograve;n, tay d&agrave;i năng động với họa tiết trơn. - Chất vải tho…",161,1,638,,
https://icado.vn/ao-thun-the-thao-high-class-icado-at50,product,200,https://icado.vn/ao-thun-the-thao-high-class-icado-at50,True,False,https://icado.vn/ao-thun-the-thao-high-class-icado-at50,,Áo Thun Thể Thao High Class ICADO AT50 | ICADO,46,"- &Aacute;o thun thể thao nam High Class ICADO AT50 trẻ trung. - Kiểu d&aacute;ng cổ tr&ograve;n, tay ngắn năng động. - Chất vải tho&aacute;ng m&aacute;t, mềm m…",161,1,691,,
https://icado.vn/ao-thun-the-thao-high-class-icado-at53,product,200,https://icado.vn/ao-thun-the-thao-high-class-icado-at53,True,False,https://icado.vn/ao-thun-the-thao-high-class-icado-at53,,Áo Thun Thể Thao High Class ICADO AT53 | ICADO,46,"- &Aacute;o thun thể thao nam High Class ICADO AT53 m&agrave;u &nbsp;sắc trẻ trung, năng động. - Chất vải tho&aacute;ng m&aacute;t, thấm h&uacute;t mồ h&ocirc;i…",161,1,602,,
https://icado.vn/ao-thun-the-thao-high-class-icado-ht108,product,200,https://icado.vn/ao-thun-the-thao-high-class-icado-ht108,True,False,https://icado.vn/ao-thun-the-thao-high-class-icado-ht108,,Áo Thun Thể Thao High Class ICADO HT108 | ICADO,47,"- &Aacute;o thun thể thao nam High Class ICADO HT108 trẻ trung. - Kiểu d&aacute;ng cổ tr&ograve;n, tay ngắn năng động với họa tiết camo ch&igrave;m. - Chất vải …",161,1,636,,
https://icado.vn/ao-thun-the-thao-high-class-icado-ht601,product,200,https://icado.vn/ao-thun-the-thao-high-class-icado-ht601,True,False,https://icado.vn/ao-thun-the-thao-high-class-icado-ht601,,Áo Thun Thể Thao High Class ICADO HT601 | ICADO,47,"- &Aacute;o thun thể thao nam High Class ICADO HT601 trẻ trung. - Kiểu d&aacute;ng cổ tr&ograve;n, tay ngắn năng động. - Chất vải tho&aacute;ng m&aacute;t, mềm …",161,1,639,,
https://icado.vn/ao-thun-the-thao-nam-dai-tay-icado-ht124,product,200,https://icado.vn/ao-thun-the-thao-nam-dai-tay-icado-ht124,True,False,https://icado.vn/ao-thun-the-thao-nam-dai-tay-icado-ht124,,Áo Thun Thể Thao Nam Dài Tay ICADO HT124 | ICADO,48,"- &Aacute;o thun thể thao nam d&agrave;i tay ICADO HT124 trẻ trung. - Kiểu d&aacute;ng cổ tr&ograve;n, tay d&agrave;i năng động với họa tiết trơn. - Chất vải th…",161,1,642,,
https://icado.vn/ao-thun-the-thao-nam-high-class-icado-ht103,product,200,https://icado.vn/ao-thun-the-thao-nam-high-class-icado-ht103,True,False,https://icado.vn/ao-thun-the-thao-nam-high-class-icado-ht103,,Áo Thun Thể Thao Nam High Class ICADO HT103 | ICADO,51,"- &Aacute;o thun thể thao nam High Class ICADO HT103 trẻ trung, thanh lịch. - Chất vải tho&aacute;ng m&aacute;t, mềm mại, co gi&atilde;n 4 chiều, thấm h&uacute;…",161,1,613,,
https://icado.vn/ao-thun-the-thao-nam-high-class-icado-ht114,product,200,https://icado.vn/ao-thun-the-thao-nam-high-class-icado-ht114,True,False,https://icado.vn/ao-thun-the-thao-nam-high-class-icado-ht114,,Áo Thun Thể Thao Nam High Class ICADO HT114 | ICADO,51,"- &Aacute;o thun thể thao nam High Class ICADO HT114 trẻ trung, thanh lịch. - Chất vải tho&aacute;ng m&aacute;t, mềm mại, co gi&atilde;n 4 chiều, thấm h&uacute;…",161,1,639,,
https://icado.vn/ao-thun-the-thao-nam-high-class-icado-ht116,product,200,https://icado.vn/ao-thun-the-thao-nam-high-class-icado-ht116,True,False,https://icado.vn/ao-thun-the-thao-nam-high-class-icado-ht116,,Áo Thun Thể Thao Nam High Class Icado HT116 | ICADO,51,"- &Aacute;o polo thể thao nam High Class ICADO HT109 trẻ trung, thanh lịch. - Kiểu d&aacute;ng cổ polo tinh tế, mang lại vẻ ngo&agrave;i chuy&ecirc;n nghiệp. - …",161,1,594,,
https://icado.vn/ao-thun-the-thao-nam-high-class-icado-ht118,product,200,https://icado.vn/ao-thun-the-thao-nam-high-class-icado-ht118,True,False,https://icado.vn/ao-thun-the-thao-nam-high-class-icado-ht118,,Áo Thun Thể Thao Nam High Class ICADO HT118 | ICADO,51,"- &Aacute;othun thể thao nam ICADO HT118 m&agrave;u sắc trung t&iacute;nh, kiểu d&aacute;ng đơn giản. - Ch&aacute;t vải l&agrave;nh t&iacute;nh, thấm h&uacute;t…",161,1,518,,
https://icado.vn/ao-thun-the-thao-nam-high-class-icado-ht120,product,200,https://icado.vn/ao-thun-the-thao-nam-high-class-icado-ht120,True,False,https://icado.vn/ao-thun-the-thao-nam-high-class-icado-ht120,,Áo Thun Thể Thao Nam High Class ICADO HT120 | ICADO,51,"- &Aacute;o thun thể thao nam ICADO HT120 trẻ trung. - Kiểu d&aacute;ng cổ tr&ograve;n, tay ngắn năng động với họa tiết camo ch&igrave;m. - Chất vải tho&aacute;…",161,1,663,,
https://icado.vn/ao-thun-the-thao-nam-high-class-icado-ht121,product,200,https://icado.vn/ao-thun-the-thao-nam-high-class-icado-ht121,True,False,https://icado.vn/ao-thun-the-thao-nam-high-class-icado-ht121,,Áo Thun Thể Thao Nam High Class ICADO HT121 | ICADO,51,"- &Aacute;o thun thể thao nam High Class ICADO HT121 trẻ trung. - Kiểu d&aacute;ng cổ tr&ograve;n, tay ngắn năng động với họa tiết camo ch&igrave;m. - Chất vải …",161,1,650,,
https://icado.vn/ao-thun-the-thao-nam-icado-ht101,product,404,https://icado.vn/ao-thun-the-thao-nam-icado-ht101,False,False,,,,0,,0,0,0,,HTTP Error 404: Not Found
https://icado.vn/ao-thun-the-thao-nam-icado-ht112,product,200,https://icado.vn/ao-thun-the-thao-nam-icado-ht112,True,False,https://icado.vn/ao-thun-the-thao-nam-icado-ht112,,Áo Thun Thể Thao Nam ICADO HT112 | ICADO,40,"- &Aacute;o thun thể thao nam ICADO HT112 trẻ trung. - Kiểu d&aacute;ng cổ tr&ograve;n, tay ngắn năng động với họa tiết camo ch&igrave;m. - Chất vải tho&aacute;…",161,1,638,,
https://icado.vn/ao-thun-the-thao-nam-vien-vai-icado-at11,product,404,https://icado.vn/ao-thun-the-thao-nam-vien-vai-icado-at11,False,False,,,,0,,0,0,0,,HTTP Error 404: Not Found
https://icado.vn/ao-thun-the-thao-nu-high-class-icado-ht105,product,200,https://icado.vn/ao-thun-the-thao-nu-high-class-icado-ht105,True,False,https://icado.vn/ao-thun-the-thao-nu-high-class-icado-ht105,,Áo Thun Thể Thao Nữ High Class ICADO HT105 | ICADO,50,"- &Aacute;o thun thể thao nữ High Class ICADO HT105 m&agrave;u sắc trẻ trung, năng động. - Thiết kế &aacute;o ngắn tay, cổ tr&ograve;n basic, chất vải co gi&ati…",161,1,640,,
https://icado.vn/ao-thun-the-thao-nu-high-class-icado-ht107,product,200,https://icado.vn/ao-thun-the-thao-nu-high-class-icado-ht107,True,False,https://icado.vn/ao-thun-the-thao-nu-high-class-icado-ht107,,Áo Thun Thể Thao Nữ High Class ICADO HT107 | ICADO,50,"- &Aacute;o thun thể thao nữ High Class ICADO HT107 m&agrave;u sắc trẻ trung, năng động. - Thiết kế &aacute;o ngắn tay, cổ tr&ograve;n basic, chất vải co gi&ati…",161,1,640,,
https://icado.vn/ao-thun-the-thao-nu-high-class-icado-ht110,product,200,https://icado.vn/ao-thun-the-thao-nu-high-class-icado-ht110,True,False,https://icado.vn/ao-thun-the-thao-nu-high-class-icado-ht110,,Áo Thun Thể Thao Nữ High Class ICADO HT110 | ICADO,50,"- &Aacute;o thun thể thao nữ ICADO HT110 m&agrave;u &nbsp;sắc trẻ trung, kiểu d&aacute;ng tinh tế. - Ch&aacute;t vải mềm mại, co gi&atilde;n 4 chiều, thấm h&uac…",161,1,637,,
https://icado.vn/ao-thun-the-thao-nu-high-class-icado-ht112,product,200,https://icado.vn/ao-thun-the-thao-nu-high-class-icado-ht112,True,False,https://icado.vn/ao-thun-the-thao-nu-high-class-icado-ht112,,Áo Thun Thể Thao Nữ High Class ICADO HT112 | ICADO,50,"- &Aacute;o thun thể thao nữ High Class ICADO HT112 m&agrave;u sắc trẻ trung, năng động. - Thiết kế &aacute;o ngắn tay, cổ tr&ograve;n basic, chất vải co gi&ati…",161,1,570,,
https://icado.vn/ao-thun-the-thao-nu-high-class-icado-ht116,product,200,https://icado.vn/ao-thun-the-thao-nu-high-class-icado-ht116,True,False,https://icado.vn/ao-thun-the-thao-nu-high-class-icado-ht116,,Áo Thun Thể Thao Nữ High Class ICADO HT116 | ICADO,50,"- &Aacute;o thun thể thao nữ high class ICADO HT116 m&agrave;u sắc trẻ trung, năng động. - Thiết kế &aacute;o ngắn tay, cổ tr&ograve;n basic, chất vải co gi&ati…",161,1,630,,
https://icado.vn/ao-thun-the-thao-nu-icado-ht101,product,404,https://icado.vn/ao-thun-the-thao-nu-icado-ht101,False,False,,,,0,,0,0,0,,HTTP Error 404: Not Found
https://icado.vn/ao-thun-the-thao-nu-icado-ht102,product,200,https://icado.vn/ao-thun-the-thao-nu-icado-ht102,True,False,https://icado.vn/ao-thun-the-thao-nu-icado-ht102,,Áo Thun Thể Thao Nữ ICADO HT102 | ICADO,39,"- &Aacute;o thun thể thao nữ ICADO HT102 m&agrave;u sắc trẻ trung, năng động. - Thiết kế &aacute;o ngắn tay, cổ tr&ograve;n basic, chất vải co gi&atilde;n 4 chi…",161,1,632,,
https://icado.vn/ao-thun-the-thao-nu-icado-ht108,product,200,https://icado.vn/ao-thun-the-thao-nu-icado-ht108,True,False,https://icado.vn/ao-thun-the-thao-nu-icado-ht108,,Áo Thun Thể Thao Nữ ICADO HT108 | ICADO,39,"- &Aacute;o thun thể thao nữ ICADO HT108 m&agrave;u sắc trẻ trung, năng động. - Thiết kế &aacute;o ngắn tay, cổ tr&ograve;n basic, chất vải co gi&atilde;n 4 chi…",161,1,634,,
https://icado.vn/ao-trekking-nam,category-or-landing,200,https://icado.vn/ao-trekking-nam,True,False,https://icado.vn/ao-trekking-nam,,Áo Trekking Nam | ICADO,23,Áo Trekking Nam,15,0,463,,
https://icado.vn/ao-trekking-nu,category-or-landing,200,https://icado.vn/ao-trekking-nu,True,False,https://icado.vn/ao-trekking-nu,,Áo Trekking Nữ | ICADO,22,Áo Trekking Nữ,14,0,461,,
https://icado.vn/bai-tap-yoga-tai-nha-cho-nguoi-moi-bat-dau,category-or-landing,200,https://icado.vn/bai-tap-yoga-tai-nha-cho-nguoi-moi-bat-dau,True,False,https://icado.vn/bai-tap-yoga-tai-nha-cho-nguoi-moi-bat-dau,,Bài tập yoga tại nhà cho người mới bắt đầu | 6 Bài Tập Phổ Biến - ICADO | ICADO,79,Bắt đầu với các bài tập yoga tại nhà cơ bản nhất cho người mới bắt đầu. Từ các tư thế dễ làm sẽ giúp cho cơ thể có sự dẻo dai nhất định. Tham khảo ngay!!,153,0,202,,
https://icado.vn/bang-co-tay-chan-mo-hoi-icado-ht203-vien-den,product,200,https://icado.vn/bang-co-tay-chan-mo-hoi-icado-ht203-vien-den,True,False,https://icado.vn/bang-co-tay-chan-mo-hoi-icado-ht203-vien-den,,Băng Cổ Tay Chặn Mồ Hôi ICADO HT203 - Viền Đen | ICADO,54,"- Băng cổ tay chặn mồ h&ocirc;i ICADO HT203 m&agrave;u sắc năng động. - Chất vải co gi&atilde;n, mềm mịn, t hấm h&uacute;t mồ h&ocirc;i cực tốt. - Ph&ugrave; hợ…",161,1,584,,
https://icado.vn/bang-co-tay-chan-mo-hoi-icado-ht203-vien-xanh,product,200,https://icado.vn/bang-co-tay-chan-mo-hoi-icado-ht203-vien-xanh,True,False,https://icado.vn/bang-co-tay-chan-mo-hoi-icado-ht203-vien-xanh,,Băng Cổ Tay Chặn Mồ Hôi ICADO HT203 - Viền Xanh | ICADO,55,"- Băng cổ tay chặn mồ h&ocirc;i ICADO HT203 m&agrave;u sắc năng động. - Chất vải co gi&atilde;n, mềm mịn, t hấm h&uacute;t mồ h&ocirc;i cực tốt. - Ph&ugrave; hợ…",161,1,568,,
https://icado.vn/bang-co-tay-the-thao,category-or-landing,200,https://icado.vn/bang-co-tay-the-thao,True,False,https://icado.vn/bang-co-tay-the-thao,,Băng cổ tay thể thao | ICADO,28,Băng cổ tay thao,16,0,300,,
https://icado.vn/bang-do-tran-the-thao,category-or-landing,200,https://icado.vn/bang-do-tran-the-thao,True,False,https://icado.vn/bang-do-tran-the-thao,,Băng đô trán thể thao | ICADO,29,Băng đ&ocirc; tr&aacute;n thể thao,34,0,284,,
https://icado.vn/bang-do-tran-the-thao-icado-ht204,product,200,https://icado.vn/bang-do-tran-the-thao-icado-ht204,True,False,https://icado.vn/bang-do-tran-the-thao-icado-ht204,,Băng Đô Trán Thể Thao ICADO HT204 | ICADO,41,"- Băng đ&ocirc; tr&aacute;n thể thao ICADO HT204&nbsp; si&ecirc;u nhẹ. - Chất vải co gi&atilde;n, mềm mịn, t hấm h&uacute;t mồ h&ocirc;i cực tốt. - Ph&ugrave; h…",161,1,554,,
https://icado.vn/bi-quyet-chon-do-tap-gym-nu-kin-dao-cho-nang,category-or-landing,200,https://icado.vn/bi-quyet-chon-do-tap-gym-nu-kin-dao-cho-nang,True,False,https://icado.vn/bi-quyet-chon-do-tap-gym-nu-kin-dao-cho-nang,,Bí quyết chọn đồ tập gym nữ kín đáo cho nàng | Icado | ICADO,60,"Hiện nay trên thị trường có rất nhiều loại đồ tập gym nữ kín đáo, nhẹ nhàng và thoải mái mà vẫn giúp bạn tập luyện hiệu quả. Hãy cùng ICADO tìm hiểu ...",152,0,197,,
https://icado.vn/bo-do-tap-nu,category-or-landing,200,https://icado.vn/bo-do-tap-nu,True,False,https://icado.vn/bo-do-tap-nu,,Bộ đồ tập nữ | ICADO,20,Bộ đồ tập nữ,12,0,263,,
https://icado.vn/cach-hit-tho-trong-yoga-kim-chi-nam-cho-moi-yogini,category-or-landing,200,https://icado.vn/cach-hit-tho-trong-yoga-kim-chi-nam-cho-moi-yogini,True,False,https://icado.vn/cach-hit-tho-trong-yoga-kim-chi-nam-cho-moi-yogini,,Cách hít thở trong yoga - Kim chỉ nam cho mọi Yogini - ICADO Tin Tức | ICADO,76,"Hít thở khi tập yoga gồm có rất nhiều yếu tố trong đó: Cách hít thở đúng, gồm có kỹ thuật gì, tác dụng khi làm sai cách sẽ ra sao. Xem chi tiết tại đây!!",153,0,200,,
https://icado.vn/chan-thuong-tay-khi-tap-gym,category-or-landing,200,https://icado.vn/chan-thuong-tay-khi-tap-gym,True,False,https://icado.vn/chan-thuong-tay-khi-tap-gym,,Chấn Thương Tay Khi Tập Gym: Nguyên Nhân & Cách Điều Trị | ICADO | ICADO,72,Chấn thương tay khi tập gym trong quá trình tập luyện là điều không thể tránh khỏi. Nếu không chữa trị kịp thời sẽ để lại các di chứng không tốt. Xem ngay!,155,0,198,,
https://icado.vn/chan-vay-nu,category-or-landing,200,https://icado.vn/chan-vay-nu,True,False,https://icado.vn/chan-vay-nu,,Chân Váy Nữ | ICADO,19,Chân Váy Nữ,11,0,374,,
https://icado.vn/chan-vay-pickleball,category-or-landing,200,https://icado.vn/chan-vay-pickleball,True,False,https://icado.vn/chan-vay-pickleball,,Chân Váy Pickleball | ICADO,27,Chân Váy Pickleball,19,0,366,,
https://icado.vn/chan-vay-tennis,category-or-landing,200,https://icado.vn/chan-vay-tennis,True,False,https://icado.vn/chan-vay-tennis,,Chân Váy Tennis | ICADO,23,Chân Váy Tennis,15,0,366,,
https://icado.vn/chan-vay-the-thao,category-or-landing,200,https://icado.vn/chan-vay-the-thao,True,False,https://icado.vn/chan-vay-the-thao,,Chân váy thể thao | ICADO,25,Ch&acirc;n v&aacute;y thể thao,30,0,356,,
https://icado.vn/chan-vay-the-thao-2-lop-high-class-nu-icado-ht103,product,200,https://icado.vn/chan-vay-the-thao-2-lop-high-class-nu-icado-ht103,True,False,https://icado.vn/chan-vay-the-thao-2-lop-high-class-nu-icado-ht103,,Chân Váy Thể Thao 2 Lớp High Class Nữ ICADO HT103 | ICADO,57,"- Ch&acirc;n v&aacute;y thể thao 2 lớp high class ICADO HT103 &nbsp;trẻ trung, năng động. - Chất vải co gi&atilde;n, nhẹ, bền m&agrave;u, thoải m&aacute;i giặt …",161,1,633,,
https://icado.vn/chan-vay-the-thao-2-lop-icado-ht502,product,200,https://icado.vn/chan-vay-the-thao-2-lop-icado-ht502,True,False,https://icado.vn/chan-vay-the-thao-2-lop-icado-ht502,,Chân Váy Thể Thao 2 Lớp ICADO HT502 | ICADO,43,"- Ch&acirc;n v&aacute;y thể thao 2 lớp ICADO HT502 &nbsp;trẻ trung, năng động. - Chất vải mềm mại, nhẹ, bền m&agrave;u, thoải m&aacute;i giặt m&aacute;y. - Lựa …",161,1,372,,
https://icado.vn/chan-vay-the-thao-2-lop-nu-icado-ht101,product,404,https://icado.vn/chan-vay-the-thao-2-lop-nu-icado-ht101,False,False,,,,0,,0,0,0,,HTTP Error 404: Not Found
https://icado.vn/chan-vay-the-thao-2-lop-nu-icado-ht603,product,200,https://icado.vn/chan-vay-the-thao-2-lop-nu-icado-ht603,True,False,https://icado.vn/chan-vay-the-thao-2-lop-nu-icado-ht603,,Chân Váy Thể Thao 2 Lớp Nữ ICADO HT603 | ICADO,46,"- Ch&acirc;n v&aacute;y thể thao 2 lớp ICADO HT603 &nbsp;trẻ trung, năng động. - Chất vải co gi&atilde;n, nhẹ, bền m&agrave;u, thoải m&aacute;i giặt m&aacute;y.…",161,1,631,,
https://icado.vn/chan-vay-the-thao-dang-chu-a-2-lop-icado-ht604,product,200,https://icado.vn/chan-vay-the-thao-dang-chu-a-2-lop-icado-ht604,True,False,https://icado.vn/chan-vay-the-thao-dang-chu-a-2-lop-icado-ht604,,Chân Váy Thể Thao Dáng Chữ A 2 Lớp ICADO HT604 | ICADO,54,"- Ch&acirc;n v&aacute;y thể thao 2 lớp ICADO HT604 &nbsp;trẻ trung, năng động. - Chất vải co gi&atilde;n, nhẹ, bền m&agrave;u, thoải m&aacute;i giặt m&aacute;y.…",161,1,656,,
https://icado.vn/chan-vay-the-thao-dang-chu-a-2-lop-icado-sa601,product,200,https://icado.vn/chan-vay-the-thao-dang-chu-a-2-lop-icado-sa601,True,False,https://icado.vn/chan-vay-the-thao-dang-chu-a-2-lop-icado-sa601,,Chân Váy Thể Thao Dáng Chữ A 2 Lớp ICADO SA601 | ICADO,54,- V&aacute;y thể thao d&aacute;ng chữ A 2 lớp ICADO SA601 sắc trẻ trung. - D&aacute;ng v&aacute;y chữ A kết hợp đường kẻ sọc năng động. - Lựa chọn l&yacute; tưở…,161,1,540,,
https://icado.vn/chan-vay-the-thao-dynamic-icado-id01,product,200,https://icado.vn/chan-vay-the-thao-dynamic-icado-id01,True,False,https://icado.vn/chan-vay-the-thao-dynamic-icado-id01,,Chân Váy Thể Thao Dynamic ICADO ID01 | ICADO,44,"- Ch&acirc;n v&aacute;y thể thao Dynamic ICADO ID01 &nbsp;trẻ trung, năng động. - Chất vải co gi&atilde;n, nhẹ, bền m&agrave;u, thoải m&aacute;i giặt m&aacute;y…",161,1,626,,
https://icado.vn/chan-vay-the-thao-high-class-icado-ht105,product,200,https://icado.vn/chan-vay-the-thao-high-class-icado-ht105,True,False,https://icado.vn/chan-vay-the-thao-high-class-icado-ht105,,Chân Váy Thể Thao High Class ICADO HT105 | ICADO,48,"- Ch&acirc;n v&aacute;y thể thao High Class ICADO HT150 &nbsp;trẻ trung, năng động. - Chất vải co gi&atilde;n 4 chiều, nhẹ, bền m&agrave;u, c&oacute; quần bảo h…",161,1,372,,
https://icado.vn/chan-vay-the-thao-high-class-icado-ht110,product,200,https://icado.vn/chan-vay-the-thao-high-class-icado-ht110,True,False,https://icado.vn/chan-vay-the-thao-high-class-icado-ht110,,Chân Váy Thể Thao High Class ICADO HT110 | ICADO,48,"- Ch&acirc;n v&aacute;y thể thao 2 lớp ICADO HT110 trẻ trung, năng động. - Chất vải co gi&atilde;n, nhẹ, bền m&agrave;u, thoải m&aacute;i giặt m&aacute;y. - Lựa…",161,1,625,,
https://icado.vn/chan-vay-xep-ly-the-thao-high-class-icado-ht102,product,200,https://icado.vn/chan-vay-xep-ly-the-thao-high-class-icado-ht102,True,False,https://icado.vn/chan-vay-xep-ly-the-thao-high-class-icado-ht102,,Chân Váy Xếp Ly Thể Thao High Class ICADO HT102 | ICADO,55,"- V&aacute;y xếp ly trẻ trung, m&agrave;u sắc tươi s&aacute;ng. - Quần bảo hộ&nbsp;co gi&atilde;n, &ocirc;m vừa vặn gi&uacute;p bạn ho&agrave;n to&agrave;n tự t…",161,1,463,,
https://icado.vn/dai-ly,corporate,200,https://icado.vn/dai-ly,True,False,,,ICADO - Premium Sportswear,26,Premium sportswear and fitness apparel for your active lifestyle,64,0,189,,
https://icado.vn/do-running,category-or-landing,200,https://icado.vn/do-running,True,False,https://icado.vn/do-running,,Đồ Running | ICADO,18,Đồ Running,10,0,460,,
https://icado.vn/do-running-nam,category-or-landing,200,https://icado.vn/do-running-nam,True,False,https://icado.vn/do-running-nam,,Đồ Running Nam | ICADO,22,Đồ Running Nam,14,0,453,,
https://icado.vn/do-running-nu,category-or-landing,200,https://icado.vn/do-running-nu,True,False,https://icado.vn/do-running-nu,,Đồ Running Nữ | ICADO,21,Đồ Running Nữ,13,0,461,,
https://icado.vn/do-tap-gym,category-or-landing,200,https://icado.vn/do-tap-gym,True,False,https://icado.vn/do-tap-gym,,Đồ Tập Gym | ICADO,18,Đồ Tập Gym,10,0,472,,
https://icado.vn/do-tap-gym-nam,category-or-landing,200,https://icado.vn/do-tap-gym-nam,True,False,https://icado.vn/do-tap-gym-nam,,Đồ Tập Gym Nam | ICADO,22,Đồ Tập Gym Nam,14,0,460,,
https://icado.vn/do-tap-gym-nu,category-or-landing,200,https://icado.vn/do-tap-gym-nu,True,False,https://icado.vn/do-tap-gym-nu,,Đồ Tập Gym Nữ | ICADO,21,Đồ Tập Gym Nữ,13,0,471,,
https://icado.vn/do-tap-pickleball,category-or-landing,200,https://icado.vn/do-tap-pickleball,True,False,https://icado.vn/do-tap-pickleball,,Đồ Tập Pickleball | ICADO,25,Đồ Tập Pickleball,17,0,469,,
https://icado.vn/do-tap-pickleball-nam,category-or-landing,200,https://icado.vn/do-tap-pickleball-nam,True,False,https://icado.vn/do-tap-pickleball-nam,,Đồ Tập Pickleball Nam | ICADO,29,Đồ Tập Pickleball Nam,21,0,462,,
https://icado.vn/do-tap-pickleball-nu,category-or-landing,200,https://icado.vn/do-tap-pickleball-nu,True,False,https://icado.vn/do-tap-pickleball-nu,,Đồ Tập Pickleball Nữ | ICADO,28,Đồ Tập Pickleball Nữ,20,0,474,,
https://icado.vn/do-tap-tennis,category-or-landing,200,https://icado.vn/do-tap-tennis,True,False,https://icado.vn/do-tap-tennis,,Đồ Tập Tennis | ICADO,21,Đồ Tập Tennis,13,0,469,,
https://icado.vn/do-tap-tennis-nam,category-or-landing,200,https://icado.vn/do-tap-tennis-nam,True,False,https://icado.vn/do-tap-tennis-nam,,Đồ Tập Tennis Nam | ICADO,25,Đồ Tập Tennis Nam,17,0,462,,
https://icado.vn/do-tap-tennis-nu,category-or-landing,200,https://icado.vn/do-tap-tennis-nu,True,False,https://icado.vn/do-tap-tennis-nu,,Đồ Tập Tennis Nữ | ICADO,24,Đồ Tập Tennis Nữ,16,0,474,,
https://icado.vn/do-tap-yoga,category-or-landing,200,https://icado.vn/do-tap-yoga,True,False,https://icado.vn/do-tap-yoga,,Đồ Tập Yoga | ICADO,19,Đồ Tập Yoga,11,0,469,,
https://icado.vn/do-tap-yoga-nam,category-or-landing,200,https://icado.vn/do-tap-yoga-nam,True,False,https://icado.vn/do-tap-yoga-nam,,Đồ tập Yoga nam | ICADO,23,Đồ tập Yoga nam,15,0,458,,
https://icado.vn/do-tap-yoga-nu,category-or-landing,200,https://icado.vn/do-tap-yoga-nu,True,False,https://icado.vn/do-tap-yoga-nu,,Đồ Tập Yoga Nữ | ICADO,22,Đồ Tập Yoga Nữ,14,0,474,,
https://icado.vn/do-the-thao,category-or-landing,200,https://icado.vn/do-the-thao,True,False,https://icado.vn/do-the-thao,,Đồ thể thao | ICADO,19,Đồ thể thao,11,0,460,,
https://icado.vn/do-the-thao-nam,category-or-landing,200,https://icado.vn/do-the-thao-nam,True,False,https://icado.vn/do-the-thao-nam,,Đồ thể thao nam | ICADO,23,Đồ thể thao nam,15,0,450,,
https://icado.vn/do-the-thao-nu,category-or-landing,200,https://icado.vn/do-the-thao-nu,True,False,https://icado.vn/do-the-thao-nu,,Đồ thể thao nữ | ICADO,22,Đồ thể thao nữ,14,0,473,,
https://icado.vn/do-trekking,category-or-landing,200,https://icado.vn/do-trekking,True,False,https://icado.vn/do-trekking,,Đồ Trekking | ICADO,19,Đồ Trekking,11,0,466,,
https://icado.vn/do-trekking-nam,category-or-landing,200,https://icado.vn/do-trekking-nam,True,False,https://icado.vn/do-trekking-nam,,Đồ Trekking Nam | ICADO,23,Đồ Trekking Nam,15,0,458,,
https://icado.vn/do-trekking-nu,category-or-landing,200,https://icado.vn/do-trekking-nu,True,False,https://icado.vn/do-trekking-nu,,Đồ Trekking Nữ | ICADO,22,Đồ Trekking Nữ,14,0,466,,
https://icado.vn/ebook,category-or-landing,200,https://icado.vn/ebook,True,False,,,ICADO - Premium Sportswear,26,Premium sportswear and fitness apparel for your active lifestyle,64,1,547,,
https://icado.vn/ebook/5-bi-quyet-chon-do-the-thao,detail,200,https://icado.vn/ebook/5-bi-quyet-chon-do-the-thao,True,False,,,ICADO - Premium Sportswear,26,Premium sportswear and fitness apparel for your active lifestyle,64,2,263,,
https://icado.vn/ebook/khoi-nghiep-voi-do-the-thao,detail,200,https://icado.vn/ebook/khoi-nghiep-voi-do-the-thao,True,False,,,ICADO - Premium Sportswear,26,Premium sportswear and fitness apparel for your active lifestyle,64,2,267,,
https://icado.vn/gioi-thieu,corporate,200,https://icado.vn/gioi-thieu,True,False,,,Menu - Về ICADO,15,Landing Về ICADO,16,0,894,,
https://icado.vn/gym,category-or-landing,200,https://icado.vn/gym,True,False,https://icado.vn/gym,,Gym | ICADO,11,Gym,3,0,355,,
https://icado.vn/hit-tho-dung-cach-khi-tap-yoga-va-nhung-loi-ich-an-sau-do,category-or-landing,200,https://icado.vn/hit-tho-dung-cach-khi-tap-yoga-va-nhung-loi-ich-an-sau-do,True,False,https://icado.vn/hit-tho-dung-cach-khi-tap-yoga-va-nhung-loi-ich-an-sau-do,,Hít thở đúng cách khi tập yoga và những LỢI ÍCH ẩn sau đó! | Icado | ICADO,74,"Hít thở đúng cách khi tập yoga tuy đơn giản nhưng chúng sẽ giúp bạn có được những lợi ích không ngờ!. Loại bỏ độc tố, giúp giảm căng thẳng, massage cơ thể.",155,0,200,,
https://icado.vn/ho-tro/chinh-sach-bao-hanh,policy,200,https://icado.vn/ho-tro/chinh-sach-bao-hanh,True,False,,,Chính sách bảo hành,19,Chính sách bảo hành,19,1,575,,
https://icado.vn/ho-tro/chinh-sach-bao-mat,policy,200,https://icado.vn/ho-tro/chinh-sach-bao-mat,True,False,,,Chính sách bảo mật,18,Chính sách bảo mật,18,1,1225,,
https://icado.vn/ho-tro/chinh-sach-doi-tra,policy,200,https://icado.vn/ho-tro/chinh-sach-doi-tra,True,False,,,Chính sách đổi trả,18,Chính sách đổi trả,18,1,759,,
https://icado.vn/ho-tro/dieu-khoan-su-dung,policy,200,https://icado.vn/ho-tro/dieu-khoan-su-dung,False,True,,noindex,Not found,9,Premium sportswear and fitness apparel for your active lifestyle,64,0,188,,
https://icado.vn/ho-tro/giao-hang-va-thanh-toan,policy,200,https://icado.vn/ho-tro/giao-hang-va-thanh-toan,True,False,,,Giao hàng & Thanh toán,22,Giao hàng & Thanh toán,22,1,759,,
https://icado.vn/ho-tro/huong-dan-mua-hang,policy,200,https://icado.vn/ho-tro/huong-dan-mua-hang,True,False,,,Hướng dẫn mua online,20,Hướng dẫn mua online,20,1,833,,
https://icado.vn/ho-tro/nam,policy,200,https://icado.vn/ho-tro/nam,False,True,,noindex,Not found,9,Premium sportswear and fitness apparel for your active lifestyle,64,0,188,,
https://icado.vn/ho-tro/new,policy,200,https://icado.vn/ho-tro/new,False,True,,noindex,Not found,9,Premium sportswear and fitness apparel for your active lifestyle,64,0,188,,
https://icado.vn/ho-tro/nu,policy,200,https://icado.vn/ho-tro/nu,False,True,,noindex,Not found,9,Premium sportswear and fitness apparel for your active lifestyle,64,0,188,,
https://icado.vn/ho-tro/phu-kien,policy,200,https://icado.vn/ho-tro/phu-kien,False,True,,noindex,Not found,9,Premium sportswear and fitness apparel for your active lifestyle,64,0,188,,
https://icado.vn/ho-tro/quy-che-hoat-dong,policy,200,https://icado.vn/ho-tro/quy-che-hoat-dong,True,False,,,Quy chế hoạt động,17,,0,1,1225,,
https://icado.vn/ho-tro/the-thao,policy,200,https://icado.vn/ho-tro/the-thao,False,True,,noindex,Not found,9,Premium sportswear and fitness apparel for your active lifestyle,64,0,188,,
https://icado.vn/hop-tac-kinh-doanh,corporate,200,https://icado.vn/hop-tac-kinh-doanh,True,False,,,ICADO - Premium Sportswear,26,Premium sportswear and fitness apparel for your active lifestyle,64,0,470,,
https://icado.vn/ket-hop-tap-gym-va-tap-yoga,category-or-landing,200,https://icado.vn/ket-hop-tap-gym-va-tap-yoga,True,False,https://icado.vn/ket-hop-tap-gym-va-tap-yoga,,Gym và Yoga: Sự Kết Hợp Mới và Chế Độ Rèn Luyện Hiệu Quả | Icado | ICADO,72,"Kết hợp tập gym và yoga là cách để bạn phát huy hết khả năng của mỗi bài tập. Một bên xây dựng sức mạnh, một bên giúp bạn nhanh nhẹn hơn.",137,0,200,,
https://icado.vn/khan-the-thao,category-or-landing,200,https://icado.vn/khan-the-thao,True,False,https://icado.vn/khan-the-thao,,Khăn Thể Thao | ICADO,21,Khăn Thể Thao,13,0,293,,
https://icado.vn/khan-the-thao-icado-100-cotton-trang,product,200,https://icado.vn/khan-the-thao-icado-100-cotton-trang,True,False,https://icado.vn/khan-the-thao-icado-100-cotton-trang,,Khăn Thể Thao ICADO 100% Cotton - Trắng | ICADO,47,"- Khăn thể thao ICADO l&agrave;m bằng 100% cotton cao cấp. - Thấm h&uacute;t mồ h&ocirc;i cực tốt, thiết kế gọn nhẹ, tiện lợi mang theo. - Ph&ugrave; cho c&aacu…",161,1,460,,
https://icado.vn/khan-the-thao-icado-100-cotton-xam-den,product,200,https://icado.vn/khan-the-thao-icado-100-cotton-xam-den,True,False,https://icado.vn/khan-the-thao-icado-100-cotton-xam-den,,Khăn Thể Thao ICADO 100% Cotton - Xám Đen | ICADO,49,"- Khăn thể thao ICADO l&agrave;m bằng 100% cotton cao cấp. - Thấm h&uacute;t mồ h&ocirc;i cực tốt, thiết kế gọn nhẹ, tiện lợi mang theo. - Ph&ugrave; cho c&aacu…",161,1,483,,
https://icado.vn/lien-he,corporate,200,https://icado.vn/lien-he,True,False,,,ICADO - Premium Sportswear,26,Premium sportswear and fitness apparel for your active lifestyle,64,1,281,,
https://icado.vn/mu-non-the-thao,category-or-landing,200,https://icado.vn/mu-non-the-thao,True,False,https://icado.vn/mu-non-the-thao,,Mũ nón thể thao | ICADO,23,Popup chương tr&igrave;nh Hiện tại đang c&oacute; chương tr&igrave;nh d&agrave;nh cho kh&aacute;ch lẻ -&gt; Tạo th&ecirc;m chỗ nhập liệu cho chương tr&igrave;nh…,161,0,295,,
https://icado.vn/nam,category-or-landing,200,https://icado.vn/nam,True,False,https://icado.vn/nam,,Nam | ICADO,11,Nam,3,0,340,,
https://icado.vn/new,category-or-landing,200,https://icado.vn/new,True,False,https://icado.vn/new,,New | ICADO,11,New,3,0,462,,
https://icado.vn/nhung-luu-y-khi-tap-hit-tho-yoga,category-or-landing,200,https://icado.vn/nhung-luu-y-khi-tap-hit-tho-yoga,True,False,https://icado.vn/nhung-luu-y-khi-tap-hit-tho-yoga,,Tập hít thở Yoga - Các lưu ý về cách thực hiện bạn cần phải biết!! | ICADO | ICADO,82,"Tập hít thở trong yoga sẽ giúp bạn tránh các vấn đề nhỏ nhặt xảy ra khi tập luyện. Ngoài ra, bạn còn có thể làm đúng cách hơn, chuẩn hơn từ đó đi lên dễ hơn",156,0,202,,
https://icado.vn/non-the-thao-nua-dau-icado-lite-den,product,200,https://icado.vn/non-the-thao-nua-dau-icado-lite-den,True,False,https://icado.vn/non-the-thao-nua-dau-icado-lite-den,,Nón Thể Thao Nửa Đầu ICADO Lite - Đen | ICADO,45,"- N&oacute;n thể thao nửa đầu ICADO Lite kiểu d&aacute;ng trẻ trung, năng động. - Chất liệu nhẹ, tho&aacute;ng kh&iacute;, hỗ trợ thấm h&uacute;t mồ h&ocirc;i v…",161,1,567,,
https://icado.vn/non-the-thao-nua-dau-icado-lite-trang,product,200,https://icado.vn/non-the-thao-nua-dau-icado-lite-trang,True,False,https://icado.vn/non-the-thao-nua-dau-icado-lite-trang,,Nón Thể Thao Nửa Đầu ICADO Lite - Trắng | ICADO,47,"- N&oacute;n thể thao nửa đầu ICADO Lite kiểu d&aacute;ng trẻ trung, năng động. - Chất liệu nhẹ, tho&aacute;ng kh&iacute;, hỗ trợ thấm h&uacute;t mồ h&ocirc;i v…",161,1,570,,
https://icado.vn/nu,category-or-landing,200,https://icado.vn/nu,True,False,https://icado.vn/nu,,Nữ | ICADO,10,Nữ,2,0,366,,
https://icado.vn/phu-kien,category-or-landing,200,https://icado.vn/phu-kien,True,False,https://icado.vn/phu-kien,,Phụ kiện | ICADO,16,Phụ kiện,8,0,434,,
https://icado.vn/pickleball,category-or-landing,200,https://icado.vn/pickleball,True,False,https://icado.vn/pickleball,,Pickleball | ICADO,18,Pickleball,10,0,367,,
https://icado.vn/quan-dai-nam,category-or-landing,200,https://icado.vn/quan-dai-nam,True,False,https://icado.vn/quan-dai-nam,,Quần Dài Nam | ICADO,20,Quần d&agrave;i,15,0,296,,
https://icado.vn/quan-dai-the-thao-nam-icado-ht102,product,200,https://icado.vn/quan-dai-the-thao-nam-icado-ht102,True,False,https://icado.vn/quan-dai-the-thao-nam-icado-ht102,,Quần Dài Thể Thao Nam ICADO HT102 | ICADO,41,- Quần D&agrave;i Thể Thao Nam ICADO HT102 trẻ trung. - Thết kế thanh lịch nhưng kh&ocirc;ng k&eacute;m phần năng động. - Ph&ugrave; hợp mặc tập luyện thể thao …,161,1,623,,
https://icado.vn/quan-dai-the-thao-nam-icado-ht103,product,200,https://icado.vn/quan-dai-the-thao-nam-icado-ht103,True,False,https://icado.vn/quan-dai-the-thao-nam-icado-ht103,,Quần Dài Thể Thao Nam ICADO HT103 | ICADO,41,- Quần D&agrave;i Thể Thao Nam ICADO HT103 trẻ trung. - Thết kế thanh lịch nhưng kh&ocirc;ng k&eacute;m phần năng động. - Ph&ugrave; hợp mặc tập luy&ecirc;n thể…,161,1,595,,
https://icado.vn/quan-dai-the-thao-nam-icado-ht104,product,200,https://icado.vn/quan-dai-the-thao-nam-icado-ht104,True,False,https://icado.vn/quan-dai-the-thao-nam-icado-ht104,,Quần Dài Thể Thao Nam ICADO HT104 | ICADO,41,- Quần D&agrave;i Thể Thao Nam ICADO HT104 trẻ trung. - Thết kế thanh lịch nhưng kh&ocirc;ng k&eacute;m phần năng động. - Ph&ugrave; hợp mặc tập luy&ecirc;n thể…,161,1,611,,
https://icado.vn/quan-dai-the-thao-nam-icado-ht105,product,200,https://icado.vn/quan-dai-the-thao-nam-icado-ht105,True,False,https://icado.vn/quan-dai-the-thao-nam-icado-ht105,,Quần Dài Thể Thao Nam ICADO HT105 | ICADO,41,- Quần D&agrave;i Thể Thao Nam ICADO HT105 trẻ trung. - Thết kế thanh lịch nhưng kh&ocirc;ng k&eacute;m phần năng động. - Ph&ugrave; hợp mặc tập luy&ecirc;n thể…,161,1,364,,
https://icado.vn/quan-dui-2-lop,category-or-landing,200,https://icado.vn/quan-dui-2-lop,True,False,https://icado.vn/quan-dui-2-lop,,Quần đùi 2 lớp | ICADO,22,Quần đ&ugrave;i 2 lớp,21,0,306,,
https://icado.vn/quan-dui-2-lop-the-thao-nu-icado-ht101,product,200,https://icado.vn/quan-dui-2-lop-the-thao-nu-icado-ht101,True,False,https://icado.vn/quan-dui-2-lop-the-thao-nu-icado-ht101,,Quần Đùi 2 Lớp Thể Thao Nữ ICADO HT101 | ICADO,46,"- Quần short thể thao nữ High Class ICADO HT101 năng động. - Thiết kế 2 lớp, chất vải co gi&atilde;n 4 chiều, thấm h&uacute;t h&ocirc;i tốt. - Ph&ugrave; hợp: T…",161,1,380,,
https://icado.vn/quan-dui-nam,category-or-landing,200,https://icado.vn/quan-dui-nam,True,False,https://icado.vn/quan-dui-nam,,Quần Đùi Nam | ICADO,20,Quần đ&ugrave;i,15,0,346,,
https://icado.vn/quan-dui-the-thao-2-lop-nam-icado-at31,product,404,https://icado.vn/quan-dui-the-thao-2-lop-nam-icado-at31,False,False,,,,0,,0,0,0,,HTTP Error 404: Not Found
https://icado.vn/quan-dui-the-thao-nam-2-lop-icado-at27,product,404,https://icado.vn/quan-dui-the-thao-nam-2-lop-icado-at27,False,False,,,,0,,0,0,0,,HTTP Error 404: Not Found
https://icado.vn/quan-dui-the-thao-nam-2-lop-icado-ht104,product,200,https://icado.vn/quan-dui-the-thao-nam-2-lop-icado-ht104,True,False,https://icado.vn/quan-dui-the-thao-nam-2-lop-icado-ht104,,Quần Đùi Thể Thao Nam 2 lớp ICADO HT104 | ICADO,47,"- Quần short thể thao nam 2 lớp ICADO HT104 năng động. - Thiết kế 2 lớp, chất vải co gi&atilde;n 4 chiều, thấm h&uacute;t h&ocirc;i tốt. - Ph&ugrave; hợp: Tenni…",161,1,636,,
https://icado.vn/quan-dui-the-thao-nam-icado-at15,product,200,https://icado.vn/quan-dui-the-thao-nam-icado-at15,True,False,https://icado.vn/quan-dui-the-thao-nam-icado-at15,,Quần Đùi Thể Thao Nam ICADO AT15 | ICADO,40,"- Quần short thể thao nam ICADO AT15 năng động. - Chất vải co gi&atilde;n 4 chiều, thấm h&uacute;t h&ocirc;i tốt. - Ph&ugrave; hợp: Tennis, Pickleball, Cầu L&oc…",161,1,617,,
https://icado.vn/quan-dui-the-thao-nam-icado-at26,product,200,https://icado.vn/quan-dui-the-thao-nam-icado-at26,True,False,https://icado.vn/quan-dui-the-thao-nam-icado-at26,,Quần Đùi Thể Thao Nam ICADO AT26 | ICADO,40,"- Quần short thể thao nam ICADO AT26 năng động. - Chất vải co gi&atilde;n 4 chiều, thấm h&uacute;t h&ocirc;i tốt. - Ph&ugrave; hợp: Tennis, Pickleball, Cầu L&oc…",161,1,618,,
https://icado.vn/quan-dui-the-thao-nam-icado-ht101,product,200,https://icado.vn/quan-dui-the-thao-nam-icado-ht101,True,False,https://icado.vn/quan-dui-the-thao-nam-icado-ht101,,Quần Đùi Thể Thao Nam ICADO HT101 | ICADO,41,"- Quần short thể thao nam ICADO HT101 năng động. - Thiết kế trẻ trung, chất vải co gi&atilde;n 4 chiều, thấm h&uacute;t h&ocirc;i tốt. - Ph&ugrave; hợp: Tennis,…",161,1,624,,
https://icado.vn/quan-dui-the-thao-nam-icado-ht102,product,200,https://icado.vn/quan-dui-the-thao-nam-icado-ht102,True,False,https://icado.vn/quan-dui-the-thao-nam-icado-ht102,,Quần Đùi Thể Thao Nam ICADO HT102 | ICADO,41,"- Quần short thể thao nam ICADO HT102 năng động. - Thiết kế trẻ trung, chất vải co gi&atilde;n 4 chiều, thấm h&uacute;t h&ocirc;i tốt. - Ph&ugrave; hợp: Tennis,…",161,1,607,,
https://icado.vn/quan-dui-the-thao-nam-icado-ht103,product,200,https://icado.vn/quan-dui-the-thao-nam-icado-ht103,True,False,https://icado.vn/quan-dui-the-thao-nam-icado-ht103,,Quần Đùi Thể Thao Nam ICADO HT103 | ICADO,41,"- Quần short thể thao nam ICADO HT103 năng động. - Chất vải co gi&atilde;n 4 chiều, thấm h&uacute;t h&ocirc;i tốt. - Ph&ugrave; hợp: Tennis, Pickleball, Cầu L&o…",161,1,608,,
https://icado.vn/quan-dui-the-thao-nam-icado-ht105,product,200,https://icado.vn/quan-dui-the-thao-nam-icado-ht105,True,False,https://icado.vn/quan-dui-the-thao-nam-icado-ht105,,Quần Đùi Thể Thao Nam ICADO HT105 | ICADO,41,"- Quần short thể thao nam ICADO HT105 năng động. - Thiết kế trẻ trung, chất vải co gi&atilde;n 4 chiều, thấm h&uacute;t h&ocirc;i tốt. - Ph&ugrave; hợp: Tennis,…",161,1,628,,
https://icado.vn/quan-dui-the-thao-nam-icado-ht106,product,200,https://icado.vn/quan-dui-the-thao-nam-icado-ht106,True,False,https://icado.vn/quan-dui-the-thao-nam-icado-ht106,,Quần Đùi Thể Thao Nam ICADO HT106 | ICADO,41,"- Quần short thể thao nam ICADO HT106 năng động. - Thiết kế trẻ trung, chất vải co gi&atilde;n 4 chiều, thấm h&uacute;t h&ocirc;i tốt. - Ph&ugrave; hợp: Tennis,…",161,1,649,,
https://icado.vn/quan-dui-the-thao-nam-icado-ht107,product,200,https://icado.vn/quan-dui-the-thao-nam-icado-ht107,True,False,https://icado.vn/quan-dui-the-thao-nam-icado-ht107,,Quần Đùi Thể Thao Nam ICADO HT107 | ICADO,41,"- Quần short thể thao nam ICADO HT107 năng động. - Chất vải co gi&atilde;n 4 chiều, thấm h&uacute;t h&ocirc;i tốt. - Ph&ugrave; hợp: Tennis, Pickleball, Cầu L&o…",161,1,597,,
https://icado.vn/quan-dui-the-thao-nam-icado-ht108,product,200,https://icado.vn/quan-dui-the-thao-nam-icado-ht108,True,False,https://icado.vn/quan-dui-the-thao-nam-icado-ht108,,Quần Đùi Thể Thao Nam ICADO HT108 | ICADO,41,"- Quần short thể thao nam ICADO HT108 năng động. - Chất vải co gi&atilde;n 4 chiều, thấm h&uacute;t h&ocirc;i tốt. - Ph&ugrave; hợp: Tennis, Pickleball, Cầu L&o…",161,1,618,,
https://icado.vn/quan-dui-the-thao-nu-2-lop-icado-ht106,product,200,https://icado.vn/quan-dui-the-thao-nu-2-lop-icado-ht106,True,False,https://icado.vn/quan-dui-the-thao-nu-2-lop-icado-ht106,,Quần Đùi Thể Thao Nữ 2 Lớp ICADO HT106 | ICADO,46,"- Quần short thể thao nữ High Class ICADO HT106 năng động. - Thiết kế 2 lớp, chất vải co gi&atilde;n 4 chiều, thấm h&uacute;t h&ocirc;i tốt. - Ph&ugrave; hợp: T…",161,1,635,,
https://icado.vn/quan-dui-the-thao-nu-icado-ht103,product,200,https://icado.vn/quan-dui-the-thao-nu-icado-ht103,True,False,https://icado.vn/quan-dui-the-thao-nu-icado-ht103,,Quần Đùi Thể Thao Nữ ICADO HT103 | ICADO,40,"- Quần short thể thao nữ ICADO HT103 năng động. - Thiết kế trẻ trung, chất vải co gi&atilde;n 4 chiều, thấm h&uacute;t h&ocirc;i tốt. - Ph&ugrave; hợp: Tennis, …",161,1,615,,
https://icado.vn/quan-jogger-nam,category-or-landing,200,https://icado.vn/quan-jogger-nam,True,False,https://icado.vn/quan-jogger-nam,,Quần Jogger Nam | ICADO,23,Quần jogger,11,0,264,,
https://icado.vn/quan-jogger-nu,category-or-landing,200,https://icado.vn/quan-jogger-nu,True,False,https://icado.vn/quan-jogger-nu,,Quần Jogger Nữ | ICADO,22,Quần Jogger Nữ,14,0,275,,
https://icado.vn/quan-legging-dai,category-or-landing,200,https://icado.vn/quan-legging-dai,True,False,https://icado.vn/quan-legging-dai,,Quần legging dài | ICADO,24,Quần legging d&agrave;i,23,0,324,,
https://icado.vn/quan-legging-dai-the-thao-nu-icado-at1,product,200,https://icado.vn/quan-legging-dai-the-thao-nu-icado-at1,True,False,https://icado.vn/quan-legging-dai-the-thao-nu-icado-at1,,Quần Legging Dài Thể Thao Nữ ICADO AT1 | ICADO,46,"- Quần Legging D&agrave;i Thể Thao Nữ ICADO AT1 m&agrave;u sắc đa dạng. - Chất vải mềm mại, co gi&atilde;n 4 chiều, tho&aacute;ng kh&iacute;. - Ph&ugrave; hợp m…",161,1,646,,
https://icado.vn/quan-legging-dai-the-thao-nu-icado-ht101,product,200,https://icado.vn/quan-legging-dai-the-thao-nu-icado-ht101,True,False,https://icado.vn/quan-legging-dai-the-thao-nu-icado-ht101,,Quần Legging Dài Thể Thao Nữ ICADO HT101 | ICADO,48,"- Quần Legging D&agrave;i Thể Thao Nữ ICADO HT101 m&agrave;u sắc đa dạng. - Chất vải mềm mại, co gi&atilde;n 4 chiều, tho&aacute;ng kh&iacute;. - Ph&ugrave; hợp…",161,1,617,,
https://icado.vn/quan-legging-dai-the-thao-nu-icado-ht102,product,200,https://icado.vn/quan-legging-dai-the-thao-nu-icado-ht102,True,False,https://icado.vn/quan-legging-dai-the-thao-nu-icado-ht102,,Quần Legging Dài Thể Thao Nữ ICADO HT102 | ICADO,48,"- Quần Legging D&agrave;i Thể Thao Nữ ICADO HT102 m&agrave;u sắc đa dạng. - Chất vải mềm mại, co gi&atilde;n 4 chiều, tho&aacute;ng kh&iacute;. - Ph&ugrave; hợp…",161,1,614,,
https://icado.vn/quan-legging-dai-the-thao-nu-icado-ht103,product,404,https://icado.vn/quan-legging-dai-the-thao-nu-icado-ht103,False,False,,,,0,,0,0,0,,HTTP Error 404: Not Found
https://icado.vn/quan-legging-dai-the-thao-nu-icado-ht104,product,200,https://icado.vn/quan-legging-dai-the-thao-nu-icado-ht104,True,False,https://icado.vn/quan-legging-dai-the-thao-nu-icado-ht104,,Quần Legging Dài Thể Thao Nữ ICADO HT104 | ICADO,48,"- Quần Legging D&agrave;i Thể Thao Nữ ICADO HT104 m&agrave;u sắc đa dạng. - Chất vải mềm mại, co gi&atilde;n 4 chiều, tho&aacute;ng kh&iacute;. - Ph&ugrave; hợp…",161,1,358,,
https://icado.vn/quan-legging-dui,category-or-landing,200,https://icado.vn/quan-legging-dui,True,False,https://icado.vn/quan-legging-dui,,Quần legging đùi | ICADO,24,Quần legging đ&ugrave;i,23,0,293,,
https://icado.vn/quan-legging-dui-the-thao-nu-icado-ht104,product,200,https://icado.vn/quan-legging-dui-the-thao-nu-icado-ht104,True,False,https://icado.vn/quan-legging-dui-the-thao-nu-icado-ht104,,Quần Legging Đùi Thể Thao Nữ ICADO HT104 | ICADO,48,"- Quần Legging Đ&ugrave;i Thể Thao Nữ ICADO HT104 m&agrave;u sắc đa dạng. - Chất vải mềm mại, co gi&atilde;n 4 chiều, tho&aacute;ng kh&iacute;. - Ph&ugrave; hợp…",161,1,608,,
https://icado.vn/quan-legging-dui-the-thao-nu-icado-ht108,product,200,https://icado.vn/quan-legging-dui-the-thao-nu-icado-ht108,True,False,https://icado.vn/quan-legging-dui-the-thao-nu-icado-ht108,,Quần Legging Đùi Thể Thao Nữ ICADO HT108 | ICADO,48,"- Quần Legging Đ&ugrave;i Thể Thao Nữ ICADO HT108 m&agrave;u sắc đa dạng. - Chất vải mềm mại, co gi&atilde;n 4 chiều, tho&aacute;ng kh&iacute;. - Ph&ugrave; hợp…",161,1,600,,
https://icado.vn/quan-legging-lung,category-or-landing,200,https://icado.vn/quan-legging-lung,True,False,https://icado.vn/quan-legging-lung,,Quần legging lửng | ICADO,25,Quần legging lửng,17,0,295,,
https://icado.vn/quan-legging-lung-phoi-luoi-the-thao-nu-icado-ht101,product,200,https://icado.vn/quan-legging-lung-phoi-luoi-the-thao-nu-icado-ht101,True,False,https://icado.vn/quan-legging-lung-phoi-luoi-the-thao-nu-icado-ht101,,Quần Legging Lửng Phối Lưới Thể Thao Nữ ICADO HT101 | ICADO,59,"- Quần Legging Lửng Phối Lưới Thể Thao Nữ ICADO HT101 m&agrave;u sắc đa dạng. - Chất vải mềm mại, co gi&atilde;n 4 chiều, tho&aacute;ng kh&iacute;. - Ph&ugrave;…",161,1,621,,
https://icado.vn/quan-legging-lung-the-thao-nu-icado-ht102,product,200,https://icado.vn/quan-legging-lung-the-thao-nu-icado-ht102,True,False,https://icado.vn/quan-legging-lung-the-thao-nu-icado-ht102,,Quần Legging Lửng Thể Thao Nữ ICADO HT102 | ICADO,49,"- Quần Legging Lửng Thể Thao Nữ ICADO HT102 m&agrave;u sắc đa dạng. - Chất vải mềm mại, co gi&atilde;n 4 chiều, tho&aacute;ng kh&iacute;. - Ph&ugrave; hợp mặc t…",161,1,612,,
https://icado.vn/quan-legging-ong-loe-the-thao-nu-icado-ht105,product,200,https://icado.vn/quan-legging-ong-loe-the-thao-nu-icado-ht105,True,False,https://icado.vn/quan-legging-ong-loe-the-thao-nu-icado-ht105,,Quần Legging Ống Loe Thể Thao Nữ ICADO HT105 | ICADO,52,"- Quần Legging Ống Loe Thể Thao Nữ ICADO HT105 m&agrave;u sắc đa dạng. - Chất vải mềm mại, co gi&atilde;n 4 chiều, tho&aacute;ng kh&iacute;. - Ph&ugrave; hợp mặ…",161,1,604,,
https://icado.vn/quan-running-nam,category-or-landing,200,https://icado.vn/quan-running-nam,True,False,https://icado.vn/quan-running-nam,,Quần Running Nam | ICADO,24,Quần Running Nam,16,0,348,,
https://icado.vn/quan-running-nu,category-or-landing,200,https://icado.vn/quan-running-nu,True,False,https://icado.vn/quan-running-nu,,Quần Running Nữ | ICADO,23,Quần Running Nữ,15,0,351,,
https://icado.vn/quan-short-the-thao-nu-2-lop-icado-ht109,product,200,https://icado.vn/quan-short-the-thao-nu-2-lop-icado-ht109,True,False,https://icado.vn/quan-short-the-thao-nu-2-lop-icado-ht109,,Quần Short Thể Thao Nữ 2 Lớp ICADO HT109 | ICADO,48,"- Quần short thể thao nữ High Class ICADO HT109 năng động. - Thiết kế 2 lớp, chất vải co gi&atilde;n 4 chiều, thấm h&uacute;t h&ocirc;i tốt. - Ph&ugrave; hợp: T…",161,1,380,,
https://icado.vn/quan-tap-gym-nam,category-or-landing,200,https://icado.vn/quan-tap-gym-nam,True,False,https://icado.vn/quan-tap-gym-nam,,Quần Tập Gym Nam | ICADO,24,Quần tập nam,12,0,390,,
https://icado.vn/quan-tap-gym-nu,category-or-landing,200,https://icado.vn/quan-tap-gym-nu,True,False,https://icado.vn/quan-tap-gym-nu,,Quần Tập Gym Nữ | ICADO,23,Quần Tập Gym Nữ,15,0,396,,
https://icado.vn/quan-tap-pickleball-nam,category-or-landing,200,https://icado.vn/quan-tap-pickleball-nam,True,False,https://icado.vn/quan-tap-pickleball-nam,,Quần Tập Pickleball Nam | ICADO,31,Quần Tập Pickleball Nam,23,0,353,,
https://icado.vn/quan-tap-pickleball-nu,category-or-landing,200,https://icado.vn/quan-tap-pickleball-nu,True,False,https://icado.vn/quan-tap-pickleball-nu,,Quần Tập Pickleball Nữ | ICADO,30,Quần Tập Pickleball Nữ,22,0,330,,
https://icado.vn/quan-tap-tennis-nam,category-or-landing,200,https://icado.vn/quan-tap-tennis-nam,True,False,https://icado.vn/quan-tap-tennis-nam,,Quần Tập Tennis Nam | ICADO,27,Quần Tập Tennis Nam,19,0,353,,
https://icado.vn/quan-tap-tennis-nu,category-or-landing,200,https://icado.vn/quan-tap-tennis-nu,True,False,https://icado.vn/quan-tap-tennis-nu,,Quần Tập Tennis Nữ | ICADO,26,Quần Tập Tennis Nữ,18,0,339,,
https://icado.vn/quan-tap-yoga-nam,category-or-landing,200,https://icado.vn/quan-tap-yoga-nam,True,False,https://icado.vn/quan-tap-yoga-nam,,Quần tập Yoga Nam | ICADO,25,Quần tập Yoga Nam,17,0,369,,
https://icado.vn/quan-tap-yoga-nu,category-or-landing,200,https://icado.vn/quan-tap-yoga-nu,True,False,https://icado.vn/quan-tap-yoga-nu,,Quần Tập Yoga Nữ | ICADO,24,Quần tập nữ,11,0,472,,
https://icado.vn/quan-the-thao-nam,category-or-landing,200,https://icado.vn/quan-the-thao-nam,True,False,https://icado.vn/quan-the-thao-nam,,Quần thể thao nam | ICADO,25,Quần thể thao nam,17,0,393,,
https://icado.vn/quan-the-thao-nu,category-or-landing,200,https://icado.vn/quan-the-thao-nu,True,False,https://icado.vn/quan-the-thao-nu,,Quần thể thao nữ | ICADO,24,Quần thể thao nữ,16,0,407,,
https://icado.vn/quan-trekking-nam,category-or-landing,200,https://icado.vn/quan-trekking-nam,True,False,https://icado.vn/quan-trekking-nam,,Quần Trekking Nam | ICADO,25,Quần Trekking Nam,17,0,380,,
https://icado.vn/quan-trekking-nu,category-or-landing,200,https://icado.vn/quan-trekking-nu,True,False,https://icado.vn/quan-trekking-nu,,Quần Trekking Nữ | ICADO,24,Quần Trekking Nữ,16,0,391,,
https://icado.vn/running,category-or-landing,200,https://icado.vn/running,True,False,https://icado.vn/running,,Running | ICADO,15,Running,7,0,361,,
https://icado.vn/shop-do-the-thao-nu-hcm,category-or-landing,200,https://icado.vn/shop-do-the-thao-nu-hcm,True,False,https://icado.vn/shop-do-the-thao-nu-hcm,,Shop đồ thể thao nữ - Top 7 Shop HCM GIÁ TỐT - CHẤT LƯỢNG | Icado | ICADO,73,ICADO Shop - Thế Giới Đồ Tập - Gymme Shop. . .Top các shop đồ thể thao nữ giá đi đôi với chất lượng. Giúp bạn có trải nghiệm sản phẩm cực kỳ tốt hiện nay!!,155,0,201,,
https://icado.vn/tap-yoga-nhung-van-de-thuong-gap-va-cach-khac-phuc,category-or-landing,200,https://icado.vn/tap-yoga-nhung-van-de-thuong-gap-va-cach-khac-phuc,True,False,https://icado.vn/tap-yoga-nhung-van-de-thuong-gap-va-cach-khac-phuc,,Tập yoga - Những VẤN ĐỀ thường gặp và cách KHẮC PHỤC | Icado | ICADO,68,"Tập yoga đôi lúc có những tác dụng ngược, làm bạn đạt được những kết quả mình mong muốn dù đã phải dành rất nhiều thời gian để thực hiện các động tác khó.",154,0,198,,
https://icado.vn/tennis,category-or-landing,200,https://icado.vn/tennis,True,False,https://icado.vn/tennis,,Tennis | ICADO,14,Tennis,6,0,363,,
https://icado.vn/tham-tap-yoga,category-or-landing,200,https://icado.vn/tham-tap-yoga,True,False,https://icado.vn/tham-tap-yoga,,Thảm tập Yoga | ICADO,21,Thảm tập Yoga,13,0,328,,
https://icado.vn/tham-tap-yoga-dinh-tuyen-icado-tpe-10mm,product,200,https://icado.vn/tham-tap-yoga-dinh-tuyen-icado-tpe-10mm,True,False,https://icado.vn/tham-tap-yoga-dinh-tuyen-icado-tpe-10mm,,Thảm Tập Yoga Định Tuyến ICADO TPE – 10MM | ICADO,49,"- Chất liệu TPE cao cấp mang đến độ đ&agrave;n hồi tối ưu, &ecirc;m &aacute;i v&agrave; bền bỉ, gi&uacute;p bảo vệ hiệu quả c&aacute;c khớp trong qu&aacute; tr&…",161,1,390,,
https://icado.vn/tham-tap-yoga-dinh-tuyen-icado-tpe-6mm,product,200,https://icado.vn/tham-tap-yoga-dinh-tuyen-icado-tpe-6mm,True,False,https://icado.vn/tham-tap-yoga-dinh-tuyen-icado-tpe-6mm,,Thảm Tập Yoga Định Tuyến ICADO TPE – 6MM | ICADO,48,"- Bề mặt c&oacute; độ ma s&aacute;t cao, gi&uacute;p hạn chế trơn trượt v&agrave; tăng độ ổn định trong suốt qu&aacute; tr&igrave;nh tập luyện. - Độ đ&agrave;n …",161,1,383,,
https://icado.vn/tham-tap-yoga-dinh-tuyen-icado-tpe-8mm,product,200,https://icado.vn/tham-tap-yoga-dinh-tuyen-icado-tpe-8mm,True,False,https://icado.vn/tham-tap-yoga-dinh-tuyen-icado-tpe-8mm,,Thảm Tập Yoga Định Tuyến ICADO TPE – 8MM | ICADO,48,"- Thảm yoga định tuyến ICADO sử dụng chất liệu TPE đ&agrave;n hồi cao, tạo cảm gi&aacute;c &ecirc;m &aacute;i khi tập luyện. - Hệ thống đường định tuyến trực qu…",161,1,344,,
https://icado.vn/tham-tap-yoga-icado-tpe-10mm,product,200,https://icado.vn/tham-tap-yoga-icado-tpe-10mm,True,False,https://icado.vn/tham-tap-yoga-icado-tpe-10mm,,Thảm Tập Yoga ICADO TPE – 10MM | ICADO,38,"- Thảm tập yoga ICADO được l&agrave;m bằng chất liệu TPE tổng hợp cao cấp. - Độ đ&agrave;n hồi tối ưu gi&uacute;p thảm &ecirc;m &aacute;i, n&acirc;ng đỡ mềm mại…",161,1,338,,
https://icado.vn/tham-tap-yoga-icado-tpe-6mm,product,200,https://icado.vn/tham-tap-yoga-icado-tpe-6mm,True,False,https://icado.vn/tham-tap-yoga-icado-tpe-6mm,,Thảm Tập Yoga ICADO TPE – 6MM | ICADO,37,"- Thảm tập yoga ICADO được l&agrave;m từ chất liệu&nbsp;TPE tổng hợp cao cấp, an to&agrave;n v&agrave; bền bỉ. - Độ đ&agrave;n hồi tối ưu mang lại cảm gi&aacute…",161,1,350,,
https://icado.vn/tham-tap-yoga-icado-tpe-8mm,product,200,https://icado.vn/tham-tap-yoga-icado-tpe-8mm,True,False,https://icado.vn/tham-tap-yoga-icado-tpe-8mm,,Thảm Tập Yoga ICADO TPE – 8MM | ICADO,37,"- Thảm tập yoga ICADO được l&agrave;m bằng chất liệu TPE tổng hợp cao cấp. - Độ đ&agrave;n hồi tối ưu gi&uacute;p thảm &ecirc;m &aacute;i, n&acirc;ng đỡ mềm mại…",161,1,338,,
https://icado.vn/the-thao,category-or-landing,200,https://icado.vn/the-thao,True,False,https://icado.vn/the-thao,,Thể thao | ICADO,16,Thể thao,8,0,332,,
https://icado.vn/tin-tuc,article-index,200,https://icado.vn/tin-tuc,True,False,,,Tin tức & Sự kiện | ICADO,25,"Cập nhật tin tức mới nhất về thể thao, thời trang và các sự kiện nổi bật từ ICADO.",82,1,196,,
https://icado.vn/trekking,category-or-landing,200,https://icado.vn/trekking,True,False,https://icado.vn/trekking,,Trekking | ICADO,16,Trekking,8,0,351,,
https://icado.vn/tui-dem-vot-pickleball-icado,category-or-landing,200,https://icado.vn/tui-dem-vot-pickleball-icado,True,False,https://icado.vn/tui-dem-vot-pickleball-icado,,Túi Đệm Vợt Pickleball ICADO | ICADO,36,"- T&uacute;i đệm vợt Pickleball ICADO với form d&aacute;ng gọn nhẹ. - D&acirc;y k&eacute;o mượt m&agrave;, đ&oacute;ng mở nhanh chống. - Gi&uacute;p bảo vệ vợt …",161,1,544,,
https://icado.vn/tui-dung-tham-yoga-icado,category-or-landing,200,https://icado.vn/tui-dung-tham-yoga-icado,True,False,https://icado.vn/tui-dung-tham-yoga-icado,,Túi Đựng Thảm Yoga ICADO | ICADO,32,"- T&uacute;i đựng thảm Yoga ICADO - Ch&aacute;t vải d&ugrave; bền bỉ, Giữ cho thảm kh&ocirc;ng bị trầy xước - &nbsp;Thiết kế quai x&aacute;ch v&agrave; d&acirc;…",161,1,305,,
https://icado.vn/tui-the-thao,category-or-landing,200,https://icado.vn/tui-the-thao,True,False,https://icado.vn/tui-the-thao,,Túi thể thao | ICADO,20,T&uacute;i thể thao,19,0,281,,
https://icado.vn/tui-xach-the-thao-pickleball-icado,category-or-landing,200,https://icado.vn/tui-xach-the-thao-pickleball-icado,True,False,https://icado.vn/tui-xach-the-thao-pickleball-icado,,Túi Xách Thể Thao Pickleball ICADO | ICADO,42,"- C&oacute; t&uacute;i bảo quản vợt Pickleball an to&agrave;n, hạn chế trầy xước. - Ngăn chứa rộng r&atilde;i, dễ d&agrave;ng sắp xếp c&aacute;c phụ kiện thể th…",161,1,323,,
https://icado.vn/vo-the-thao,category-or-landing,200,https://icado.vn/vo-the-thao,True,False,https://icado.vn/vo-the-thao,,Vớ thể thao | ICADO,19,Vớ thể thao,11,0,292,,
https://icado.vn/vo-the-thao-nam-co-trung-icado-ht201,product,200,https://icado.vn/vo-the-thao-nam-co-trung-icado-ht201,True,False,https://icado.vn/vo-the-thao-nam-co-trung-icado-ht201,,Vớ Thể Thao Nam Cổ Trung ICADO HT201 | ICADO,44,"- Vớ thể thao nam ICADO HT201 m&agrave;u sắc trung t&iacute;nh, năng động. - Chất vải co gi&atilde;n, mềm mịn, l&agrave;nh t&iacute;nh với da. - Ph&ugrave; hợp …",161,1,586,,
https://icado.vn/vo-the-thao-nu-co-trung-icado-ht202,product,200,https://icado.vn/vo-the-thao-nu-co-trung-icado-ht202,True,False,https://icado.vn/vo-the-thao-nu-co-trung-icado-ht202,,Vớ Thể Thao Nữ Cổ Trung ICADO HT202 | ICADO,43,"- Vớ thể thao nữ ICADO HT201 m&agrave;u sắc trẻ trung, năng động. - Chất vải co gi&atilde;n, mềm mịn, l&agrave;nh t&iacute;nh với da. - Ph&ugrave; hợp chơi c&aa…",161,1,606,,
https://icado.vn/xuong-san-xuat,corporate,200,https://icado.vn/xuong-san-xuat,True,False,,,Xưởng sản xuất | ICADO,22,Khám phá hệ thống xưởng sản xuất hiện đại của ICADO - Proudly Made in Vietnam,77,1,854,,
https://icado.vn/yoga,category-or-landing,200,https://icado.vn/yoga,True,False,https://icado.vn/yoga,,Yoga | ICADO,12,Yoga,4,0,347,,
