name,slug,url,status
MAY MẶC CTH,ao-billiards,https://maymaccth.com/product-categories/ao-billiards,ok
MAY MẶC CTH,ao-bo-do-gia-dinh,https://maymaccth.com/product-categories/ao-bo-do-gia-dinh,ok
MAY MẶC CTH,ao-co-tron-pickleball,https://maymaccth.com/product-categories/ao-co-tron-pickleball,ok
MAY MẶC CTH,ao-polo-dong-phuc-cong-ty-1,https://maymaccth.com/product-categories/ao-polo-dong-phuc-cong-ty-1,ok
MAY MẶC CTH,ao-polo-pickleball,https://maymaccth.com/product-categories/ao-polo-pickleball,ok
MAY MẶC CTH,ao-so-mi-cong-so-nam,https://maymaccth.com/product-categories/ao-so-mi-cong-so-nam,ok
MAY MẶC CTH,ao-so-mi-cong-so-nu,https://maymaccth.com/product-categories/ao-so-mi-cong-so-nu,ok
MAY MẶC CTH,dong-phuc-bao-ho-lao-dong,https://maymaccth.com/product-categories/dong-phuc-bao-ho-lao-dong,ok
MAY MẶC CTH,dong-phuc-bao-ve-an-ninh,https://maymaccth.com/product-categories/dong-phuc-bao-ve-an-ninh,ok
MAY MẶC CTH,dong-phuc-doanh-nghiep,https://maymaccth.com/product-categories/dong-phuc-doanh-nghiep,ok
MAY MẶC CTH,dong-phuc-hoc-sinh-ao-lop,https://maymaccth.com/product-categories/dong-phuc-hoc-sinh-ao-lop,ok
MAY MẶC CTH,dong-phuc-nganh-dich-vu,https://maymaccth.com/product-categories/dong-phuc-nganh-dich-vu,ok
MAY MẶC CTH,dong-phuc-nganh-y-te,https://maymaccth.com/product-categories/dong-phuc-nganh-y-te,ok
MAY MẶC CTH,dong-phuc-quan-ca-phe-nha-hang-khach-san,https://maymaccth.com/product-categories/dong-phuc-quan-ca-phe-nha-hang-khach-san,ok
MAY MẶC CTH,dong-phuc-team-building-su-kien,https://maymaccth.com/product-categories/dong-phuc-team-building-su-kien,ok
MAY MẶC CTH,quan-ao-the-thao-clb,https://maymaccth.com/product-categories/quan-ao-the-thao-clb,ok
MAY MẶC CTH,tap-de-dang-dai,https://maymaccth.com/product-categories/tap-de-dang-dai,ok
MAY MẶC CTH,tap-de-dang-ngan,https://maymaccth.com/product-categories/tap-de-dang-ngan,ok
